facility_id,County,Licensed_Capacity,Medicaid_Contract_Flag,Specialty,Contract,n_inspections,n_investigations,n_enforcement,n_civil_fines,n_stop_placement,n_conditions,phone_shared_count,RF03_multi_home_operator,RF08_network_cluster,high_complaint_load,has_enforcement,has_stop_placement,has_condition,RF06_exclusion_match,latest_enforcement_year
OR-F00509,Washington,5,Yes,AFH,Medicaid,3,1,0,0,0,0,1,False,False,False,False,False,False,False,
OR-F00083,Washington,5,Yes,AFH,Medicaid,0,0,0,0,0,0,1,False,False,False,False,False,False,False,
OR-F00768,Washington,4,Yes,AFH,Medicaid,3,0,0,0,0,0,1,False,False,False,False,False,False,False,
OR-F00240,Washington,5,Yes,AFH,Medicaid,3,0,0,0,0,0,1,False,False,False,False,False,False,False,
OR-F00767,Washington,5,Yes,AFH,Medicaid,4,0,1,0,0,1,1,False,False,False,True,False,True,False,
OR-F00228,Washington,5,Yes,AFH,Medicaid,5,1,0,0,0,0,1,False,False,False,False,False,False,False,
OR-F00453,Washington,5,Yes,AFH,Medicaid,3,0,0,0,0,0,1,False,False,False,False,False,False,False,
OR-F00289,Washington,5,Yes,AFH,Medicaid,3,0,0,0,0,0,1,False,False,False,False,False,False,False,
OR-F00173,Washington,3,Yes,AFH,Medicaid,4,0,0,0,0,0,1,False,False,False,False,False,False,False,
OR-F00561,Washington,5,No/Unknown,AFH,,3,0,1,0,0,1,1,False,False,False,True,False,True,False,
OR-F00553,Washington,5,Yes,AFH,Medicaid,4,1,0,0,0,0,1,False,False,False,False,False,False,False,
OR-F00762,Washington,5,Yes,AFH,Medicaid,2,0,0,0,0,0,1,False,False,False,False,False,False,False,
OR-F00141,Washington,5,No/Unknown,AFH,,3,0,0,0,0,0,1,False,False,False,False,False,False,False,
OR-F00108,Washington,3,No/Unknown,AFH,,0,0,0,0,0,0,1,False,False,False,False,False,False,False,
OR-F00710,Washington,5,No/Unknown,AFH,,3,1,0,0,0,0,1,False,False,False,False,False,False,False,
OR-F00532,Washington,5,Yes,AFH,Medicaid,5,0,1,0,0,1,1,False,False,False,True,False,True,False,
OR-F00079,Washington,5,No/Unknown,AFH,,0,0,0,0,0,0,1,False,False,False,False,False,False,False,
OR-F00626,Washington,5,No/Unknown,AFH,,3,0,0,0,0,0,1,False,False,False,False,False,False,False,
OR-F00429,Washington,5,No/Unknown,AFH,,3,0,0,0,0,0,1,False,False,False,False,False,False,False,
OR-F00234,Washington,5,No/Unknown,AFH,,3,0,1,0,0,1,1,False,False,False,True,False,True,False,
OR-F00615,Washington,5,No/Unknown,AFH,,3,0,0,0,0,0,1,False,False,False,False,False,False,False,
OR-F00736,Washington,5,Yes,AFH,Medicaid,5,0,0,0,0,0,2,True,False,False,False,False,False,False,
OR-F00698,Washington,5,Yes,AFH,Medicaid,5,1,0,0,0,0,2,True,False,False,False,False,False,False,
OR-F00027,Washington,5,No/Unknown,AFH,,0,0,0,0,0,0,1,False,False,False,False,False,False,False,
OR-F00442,Washington,5,Yes,AFH,Medicaid,3,0,0,0,0,0,1,False,False,False,False,False,False,False,
OR-F00516,Washington,3,Yes,AFH,Medicaid,3,0,0,0,0,0,1,False,False,False,False,False,False,False,
OR-F00759,Washington,5,No/Unknown,AFH,,1,0,0,0,0,0,1,False,False,False,False,False,False,False,
OR-F00400,Washington,5,No/Unknown,AFH,,3,0,0,0,0,0,1,False,False,False,False,False,False,False,
OR-F00416,Washington,5,Yes,AFH,Medicaid,6,4,0,0,0,0,1,False,False,True,False,False,False,False,
OR-F00621,Washington,5,Yes,AFH,Medicaid,0,0,0,0,0,0,1,False,False,False,False,False,False,False,
OR-F00430,Washington,5,No/Unknown,AFH,,4,0,0,0,0,0,1,False,False,False,False,False,False,False,
OR-F00444,Washington,5,No/Unknown,AFH,,4,1,0,0,0,0,1,False,False,False,False,False,False,False,
OR-F00123,Washington,5,Yes,AFH,Medicaid,0,0,0,0,0,0,1,False,False,False,False,False,False,False,
OR-F00470,Washington,5,Yes,AFH,Medicaid,3,0,0,0,0,0,1,False,False,False,False,False,False,False,
OR-F00569,Washington,5,Yes,AFH,Medicaid,1,0,0,0,0,0,1,False,False,False,False,False,False,False,
OR-F00144,Washington,2,No/Unknown,AFH,,1,0,0,0,0,0,1,False,False,False,False,False,False,False,
OR-F00090,Washington,5,No/Unknown,AFH,,0,0,0,0,0,0,1,False,False,False,False,False,False,False,
OR-F00711,Washington,5,No/Unknown,AFH,,7,2,0,0,0,0,1,False,False,False,False,False,False,False,
OR-F00619,Washington,5,Yes,AFH,Medicaid,11,5,1,0,0,1,1,False,False,True,True,False,True,False,
OR-F00053,Washington,5,Yes,AFH,Medicaid,0,0,0,0,0,0,1,False,False,False,False,False,False,False,
OR-F00748,Washington,5,Yes,AFH,Medicaid,3,0,1,0,0,1,1,False,False,False,True,False,True,False,
OR-F00778,Washington,5,Yes,AFH,Medicaid,1,0,0,0,0,0,1,False,False,False,False,False,False,False,
OR-F00716,Washington,5,Yes,AFH,Medicaid,1,0,0,0,0,0,1,False,False,False,False,False,False,False,
OR-F00476,Washington,5,Yes,AFH,Medicaid,3,0,0,0,0,0,1,False,False,False,False,False,False,False,
OR-F00139,Washington,5,Yes,AFH,Medicaid,5,3,0,0,0,0,2,True,False,True,False,False,False,False,
OR-F00424,Washington,5,Yes,AFH,Medicaid,16,5,0,0,0,0,2,True,False,True,False,False,False,False,
OR-F00601,Washington,5,Yes,AFH,Medicaid,5,2,0,0,0,0,1,False,False,False,False,False,False,False,
OR-F00541,Washington,5,Yes,AFH,Medicaid,3,0,0,0,0,0,1,False,False,False,False,False,False,False,
OR-F00745,Washington,5,Yes,AFH,Medicaid,0,0,0,0,0,0,1,False,False,False,False,False,False,False,
OR-F00588,Washington,5,Yes,AFH,Medicaid,0,0,0,0,0,0,1,False,False,False,False,False,False,False,
OR-F00093,Washington,5,Yes,AFH,Medicaid,0,0,0,0,0,0,1,False,False,False,False,False,False,False,
OR-F00178,Washington,5,Yes,AFH,Medicaid,1,0,0,0,0,0,1,False,False,False,False,False,False,False,
OR-F00257,Washington,4,Yes,AFH,Medicaid,7,1,1,0,0,1,1,False,False,False,True,False,True,False,
OR-F00193,Washington,5,Yes,AFH,Medicaid,4,0,0,0,0,0,1,False,False,False,False,False,False,False,
OR-F00720,Washington,5,No/Unknown,AFH,,3,0,0,0,0,0,1,False,False,False,False,False,False,False,
OR-F00321,Washington,26,Yes,"RCF, Memory Care",Medicaid,5,2,1,0,0,1,2,True,False,False,True,False,True,False,
OR-F00642,Washington,90,Yes,ALF,Medicaid,5,2,0,0,0,0,2,True,False,False,False,False,False,False,
OR-F00577,Washington,24,Yes,"RCF, Memory Care",Medicaid,3,1,1,0,0,1,2,True,False,False,True,False,True,False,
OR-F00683,Washington,75,Yes,ALF,Medicaid,7,5,4,0,0,4,2,True,False,True,True,False,True,False,
OR-F00667,Washington,0,Yes,ALF,Medicaid,8,5,6,0,0,6,1,False,False,True,True,False,True,False,
OR-F00575,Washington,24,Yes,"RCF, Memory Care",Medicaid,2,0,0,0,0,0,2,True,False,False,False,False,False,False,
OR-F00679,Washington,65,Yes,ALF,Medicaid,3,1,0,0,0,0,2,True,False,False,False,False,False,False,
OR-F00206,Washington,87,Yes,NF,Medicaid,0,0,0,0,0,0,1,False,False,False,False,False,False,False,
OR-F00195,Washington,148,Yes,NF,Medicaid,0,0,2,0,0,2,1,False,False,False,True,False,True,False,
OR-F00378,Washington,5,Yes,AFH,Medicaid,4,1,0,0,0,0,1,False,False,False,False,False,False,False,
OR-F00393,Washington,5,Yes,AFH,Medicaid,3,0,0,0,0,0,1,False,False,False,False,False,False,False,
OR-F00077,Washington,1,Yes,AFH,Medicaid,0,0,0,0,0,0,1,False,False,False,False,False,False,False,
OR-F00584,Washington,1,Yes,AFH,Medicaid,3,0,1,0,0,1,1,False,False,False,True,False,True,False,
OR-F00504,Washington,5,Yes,AFH,Medicaid,4,1,0,0,0,0,1,False,False,False,False,False,False,False,
OR-F00199,Washington,104,Yes,NF,Medicaid,0,0,1,0,0,1,1,False,False,False,True,False,True,False,
OR-F00455,Washington,5,Yes,AFH,Medicaid,4,0,0,0,0,0,1,False,False,False,False,False,False,False,
OR-F00544,Washington,5,Yes,AFH,Medicaid,3,0,0,0,0,0,1,False,False,False,False,False,False,False,
OR-F00112,Washington,5,No/Unknown,AFH,,0,0,0,0,0,0,1,False,False,False,False,False,False,False,
OR-F00766,Washington,5,Yes,AFH,Medicaid,1,0,0,0,0,0,1,False,False,False,False,False,False,False,
OR-F00765,Washington,5,Yes,AFH,Medicaid,2,0,0,0,0,0,1,False,False,False,False,False,False,False,
OR-F00566,Washington,5,Yes,AFH,Medicaid,4,0,0,0,0,0,1,False,False,False,False,False,False,False,
OR-F00625,Washington,5,Yes,AFH,Medicaid,3,0,0,0,0,0,1,False,False,False,False,False,False,False,
OR-F00247,Washington,5,Yes,AFH,Medicaid,1,0,1,0,0,1,1,False,False,False,True,False,True,False,
OR-F00643,Washington,69,No/Unknown,ALF,,5,3,4,0,0,4,2,True,False,True,True,False,True,False,
OR-F00339,Washington,23,No/Unknown,"RCF, Memory Care",,3,1,1,0,0,1,2,True,False,False,True,False,True,False,
OR-F00537,Washington,4,Yes,AFH,Medicaid,0,0,0,0,0,0,1,False,False,False,False,False,False,False,
OR-F00742,Washington,3,Yes,AFH,Medicaid,3,0,0,0,0,0,1,False,False,False,False,False,False,False,
OR-F00296,Washington,60,Yes,"RCF, Memory Care",Medicaid,7,4,5,0,0,5,1,False,False,True,True,False,True,False,
OR-F00351,Washington,42,No/Unknown,"RCF, Memory Care",,3,0,0,0,0,0,1,False,False,False,False,False,False,False,
OR-F00629,Washington,105,No/Unknown,ALF,,2,0,1,0,0,1,1,False,False,False,True,False,True,False,
OR-F00456,Washington,1,Yes,AFH,Medicaid,4,1,0,0,0,0,1,False,False,False,False,False,False,False,
OR-F00542,Washington,5,Yes,AFH,Medicaid,21,13,2,0,0,2,1,False,False,True,True,False,True,False,
OR-F00522,Washington,5,No/Unknown,AFH,,3,0,0,0,0,0,2,True,False,False,False,False,False,False,
OR-F00563,Washington,5,No/Unknown,AFH,,4,0,0,0,0,0,2,True,False,False,False,False,False,False,
OR-F00278,Washington,5,No/Unknown,AFH,,5,0,0,0,0,0,1,False,False,False,False,False,False,False,
OR-F00403,Washington,5,Yes,AFH,Medicaid,4,1,0,0,0,0,1,False,False,False,False,False,False,False,
OR-F00528,Washington,5,Yes,AFH,Medicaid,4,1,0,0,0,0,1,False,False,False,False,False,False,False,
OR-F00184,Washington,5,Yes,AFH,Medicaid,6,1,0,0,0,0,1,False,False,False,False,False,False,False,
OR-F00104,Washington,5,No/Unknown,AFH,,0,0,0,0,0,0,1,False,False,False,False,False,False,False,
OR-F00757,Washington,5,Yes,AFH,Medicaid,1,0,0,0,0,0,1,False,False,False,False,False,False,False,
OR-F00727,Washington,5,Yes,AFH,Medicaid,1,0,0,0,0,0,1,False,False,False,False,False,False,False,
OR-F00396,Washington,5,Yes,AFH,Medicaid,3,0,0,0,0,0,1,False,False,False,False,False,False,False,
OR-F00142,Washington,5,Yes,AFH,Medicaid,1,0,0,0,0,0,1,False,False,False,False,False,False,False,
OR-F00567,Washington,5,Yes,AFH,Medicaid,3,0,0,0,0,0,1,False,False,False,False,False,False,False,
OR-F00572,Washington,56,Yes,"RCF, Memory Care",Medicaid,3,0,0,0,0,0,1,False,False,False,False,False,False,False,
OR-F00616,Washington,5,Yes,AFH,Medicaid,1,0,0,0,0,0,1,False,False,False,False,False,False,False,
OR-F00512,Washington,5,Yes,AFH,Medicaid,3,0,0,0,0,0,1,False,False,False,False,False,False,False,
OR-F00107,Washington,5,Yes,AFH,Medicaid,0,0,0,0,0,0,1,False,False,False,False,False,False,False,
OR-F00140,Washington,5,Yes,AFH,Medicaid,5,2,0,0,0,0,2,True,False,False,False,False,False,False,
OR-F00595,Washington,5,Yes,AFH,Medicaid,5,2,0,0,0,0,2,True,False,False,False,False,False,False,
OR-F00075,Washington,5,Yes,AFH,Medicaid,0,0,0,0,0,0,1,False,False,False,False,False,False,False,
OR-F00366,Washington,123,No/Unknown,"RCF, Memory Care",,0,0,0,0,0,0,1,False,False,False,False,False,False,False,
OR-F00462,Washington,2,No/Unknown,AFH,,3,0,0,0,0,0,1,False,False,False,False,False,False,False,
OR-F00368,Washington,107,No/Unknown,ALF,,0,0,0,0,0,0,2,True,False,False,False,False,False,False,
OR-F00367,Washington,28,No/Unknown,"RCF, Memory Care",,0,0,0,0,0,0,2,True,False,False,False,False,False,False,
OR-F00464,Washington,5,No/Unknown,AFH,,3,0,0,0,0,0,1,False,False,False,False,False,False,False,
OR-F00707,Washington,3,No/Unknown,AFH,,2,0,0,0,0,0,1,False,False,False,False,False,False,False,
OR-F00658,Washington,75,Yes,ALF,Medicaid,12,10,4,0,0,4,1,False,False,True,True,False,True,False,
OR-F00058,Washington,5,Yes,AFH,Medicaid,0,0,0,0,0,0,1,False,False,False,False,False,False,False,
OR-F00232,Washington,5,Yes,AFH,Medicaid,2,0,0,0,0,0,1,False,False,False,False,False,False,False,
OR-F00019,Washington,5,No/Unknown,AFH,,0,0,0,0,0,0,1,False,False,False,False,False,False,False,
OR-F00109,Washington,5,Yes,AFH,Medicaid,0,0,0,0,0,0,1,False,False,False,False,False,False,False,
OR-F00581,Washington,5,No/Unknown,AFH,,3,0,0,0,0,0,1,False,False,False,False,False,False,False,
OR-F00158,Washington,5,Yes,AFH,Medicaid,1,0,0,0,0,0,1,False,False,False,False,False,False,False,
OR-F00558,Washington,4,Yes,AFH,Medicaid,3,0,0,0,0,0,1,False,False,False,False,False,False,False,
OR-F00086,Washington,5,No/Unknown,AFH,,0,0,0,0,0,0,1,False,False,False,False,False,False,False,
OR-F00481,Washington,5,No/Unknown,AFH,,3,0,0,0,0,0,1,False,False,False,False,False,False,False,
OR-F00076,Washington,5,Yes,AFH,Medicaid,0,0,0,0,0,0,1,False,False,False,False,False,False,False,
OR-F00087,Washington,5,No/Unknown,AFH,,0,0,0,0,0,0,1,False,False,False,False,False,False,False,
OR-F00051,Washington,5,Yes,AFH,Medicaid,0,0,0,0,0,0,1,False,False,False,False,False,False,False,
OR-F00273,Washington,5,Yes,AFH,Medicaid,3,0,0,0,0,0,1,False,False,False,False,False,False,False,
OR-F00705,Washington,5,Yes,AFH,Medicaid,3,0,0,0,0,0,1,False,False,False,False,False,False,False,
OR-F00073,Washington,5,Yes,AFH,Medicaid,0,0,0,0,0,0,1,False,False,False,False,False,False,False,
OR-F00159,Washington,5,Yes,AFH,Medicaid,6,1,0,0,0,0,1,False,False,False,False,False,False,False,
OR-F00404,Washington,5,Yes,AFH,Medicaid,3,0,0,0,0,0,1,False,False,False,False,False,False,False,
OR-F00132,Washington,5,No/Unknown,AFH,,0,0,0,0,0,0,1,False,False,False,False,False,False,False,
OR-F00067,Washington,5,Yes,AFH,Medicaid,0,0,0,0,0,0,1,False,False,False,False,False,False,False,
OR-F00782,Washington,4,Yes,AFH,Medicaid,6,1,1,0,0,1,1,False,False,False,True,False,True,False,
OR-F00691,Washington,5,Yes,AFH,Medicaid,1,0,0,0,0,0,1,False,False,False,False,False,False,False,
OR-F00390,Washington,5,No/Unknown,AFH,,24,1,6,0,0,6,1,False,False,False,True,False,True,False,
OR-F00540,Washington,5,No/Unknown,AFH,,3,0,0,0,0,0,1,False,False,False,False,False,False,False,
OR-F00373,Washington,5,Yes,AFH,Medicaid,4,0,0,0,0,0,1,False,False,False,False,False,False,False,
OR-F00166,Washington,4,No/Unknown,AFH,,10,2,0,0,0,0,1,False,False,False,False,False,False,False,
OR-F00310,Washington,27,Yes,"RCF, Memory Care",Medicaid,4,1,3,0,0,3,2,True,False,False,True,False,True,False,
OR-F00635,Washington,59,Yes,ALF,Medicaid,3,0,1,0,0,1,2,True,False,False,True,False,True,False,
OR-F00256,Washington,5,Yes,AFH,Medicaid,3,0,0,0,0,0,1,False,False,False,False,False,False,False,
OR-F00521,Washington,5,Yes,AFH,Medicaid,6,2,1,0,0,1,1,False,False,False,True,False,True,False,
OR-F00605,Washington,5,Yes,AFH,Medicaid,3,0,0,0,0,0,1,False,False,False,False,False,False,False,
OR-F00299,Washington,62,Yes,"RCF, Memory Care",Medicaid,5,2,4,0,0,4,1,False,False,False,True,False,True,False,
OR-F00047,Washington,5,Yes,AFH,Medicaid,0,0,0,0,0,0,1,False,False,False,False,False,False,False,
OR-F00397,Washington,5,Yes,AFH,Medicaid,4,0,0,0,0,0,1,False,False,False,False,False,False,False,
OR-F00447,Washington,5,Yes,AFH,Medicaid,7,2,0,0,0,0,1,False,False,False,False,False,False,False,
OR-F00095,Washington,2,No/Unknown,AFH,,0,0,0,0,0,0,1,False,False,False,False,False,False,False,
OR-F00081,Washington,4,Yes,AFH,Medicaid,0,0,0,0,0,0,1,False,False,False,False,False,False,False,
OR-F00270,Washington,5,Yes,AFH,Medicaid,6,4,0,0,0,0,1,False,False,True,False,False,False,False,
OR-F00177,Washington,5,Yes,AFH,Medicaid,2,0,0,0,0,0,1,False,False,False,False,False,False,False,
OR-F00771,Washington,5,Yes,AFH,Medicaid,2,0,0,0,0,0,1,False,False,False,False,False,False,False,
OR-F00624,Washington,5,Yes,AFH,Medicaid,3,0,0,0,0,0,1,False,False,False,False,False,False,False,
OR-F00225,Washington,5,Yes,AFH,Medicaid,4,1,0,0,0,0,1,False,False,False,False,False,False,False,
OR-F00265,Washington,5,No/Unknown,AFH,,3,0,0,0,0,0,1,False,False,False,False,False,False,False,
OR-F00586,Washington,5,Yes,AFH,Medicaid,6,3,0,0,0,0,1,False,False,True,False,False,False,False,
OR-F00695,Washington,5,Yes,AFH,Medicaid,0,0,0,0,0,0,1,False,False,False,False,False,False,False,
OR-F00229,Washington,5,Yes,AFH,Medicaid,2,0,0,0,0,0,1,False,False,False,False,False,False,False,
OR-F00277,Washington,5,No/Unknown,AFH,,3,0,0,0,0,0,1,False,False,False,False,False,False,False,
OR-F00084,Washington,3,Yes,AFH,Medicaid,0,0,0,0,0,0,1,False,False,False,False,False,False,False,
OR-F00267,Washington,5,Yes,AFH,Medicaid,3,0,0,0,0,0,1,False,False,False,False,False,False,False,
OR-F00478,Washington,5,Yes,AFH,Medicaid,6,0,0,0,0,0,1,False,False,False,False,False,False,False,
OR-F00741,Washington,5,Yes,AFH,Medicaid,4,2,0,0,0,0,1,False,False,False,False,False,False,False,
OR-F00137,Washington,5,Yes,AFH,Medicaid,0,0,0,0,0,0,1,False,False,False,False,False,False,False,
OR-F00749,Washington,4,Yes,AFH,Medicaid,4,0,0,0,0,0,1,False,False,False,False,False,False,False,
OR-F00323,Washington,30,Yes,RCF,Medicaid,4,1,0,0,0,0,5,True,True,False,False,False,False,False,
OR-F00227,Washington,5,Yes,AFH,Medicaid,6,2,1,0,0,1,1,False,False,False,True,False,True,False,
OR-F00293,Washington,72,Yes,"RCF, Memory Care",Medicaid,3,0,1,0,0,1,1,False,False,False,True,False,True,False,
OR-F00028,Washington,5,Yes,AFH,Medicaid,0,0,0,0,0,0,1,False,False,False,False,False,False,False,
OR-F00417,Washington,5,Yes,AFH,Medicaid,2,0,0,0,0,0,1,False,False,False,False,False,False,False,
OR-F00018,Washington,5,Yes,AFH,Medicaid,0,0,0,0,0,0,1,False,False,False,False,False,False,False,
OR-F00146,Washington,5,Yes,AFH,Medicaid,3,0,0,0,0,0,1,False,False,False,False,False,False,False,
OR-F00568,Washington,5,Yes,AFH,Medicaid,1,0,0,0,0,0,1,False,False,False,False,False,False,False,
OR-F00406,Washington,5,Yes,AFH,Medicaid,5,1,1,0,0,1,1,False,False,False,True,False,True,False,
OR-F00547,Washington,3,Yes,AFH,Medicaid,3,0,0,0,0,0,1,False,False,False,False,False,False,False,
OR-F00316,Washington,32,No/Unknown,"RCF, Memory Care",,5,1,0,0,0,0,2,True,False,False,False,False,False,False,
OR-F00335,Washington,31,Yes,"RCF, Memory Care",Medicaid,4,1,0,0,0,0,2,True,False,False,False,False,False,False,
OR-F00326,Washington,12,No/Unknown,"RCF, Memory Care",,4,1,1,0,0,1,2,True,False,False,True,False,True,False,
OR-F00660,Washington,44,Yes,ALF,Medicaid,3,0,1,0,0,1,2,True,False,False,True,False,True,False,
OR-F00328,Washington,22,Yes,"RCF, Memory Care",Medicaid,1,0,0,0,0,0,2,True,False,False,False,False,False,False,
OR-F00197,Washington,114,Yes,NF,Medicaid,0,0,0,0,0,0,1,False,False,False,False,False,False,False,
OR-F00590,Washington,5,Yes,AFH,Medicaid,3,0,0,0,0,0,1,False,False,False,False,False,False,False,
OR-F00783,Washington,5,Yes,AFH,Medicaid,2,1,0,0,0,0,1,False,False,False,False,False,False,False,
OR-F00435,Washington,5,Yes,AFH,Medicaid,3,0,0,0,0,0,1,False,False,False,False,False,False,False,
OR-F00411,Washington,5,No/Unknown,AFH,,3,0,0,0,0,0,1,False,False,False,False,False,False,False,
OR-F00266,Washington,5,No/Unknown,AFH,,2,0,0,0,0,0,1,False,False,False,False,False,False,False,
OR-F00712,Washington,5,Yes,AFH,Medicaid,5,1,19,0,0,19,1,False,False,False,True,False,True,False,
OR-F00706,Washington,5,Yes,AFH,Medicaid,1,0,0,0,0,0,1,False,False,False,False,False,False,False,
OR-F00211,Washington,5,Yes,AFH,Medicaid,2,0,0,0,0,0,1,False,False,False,False,False,False,False,
OR-F00730,Washington,5,Yes,AFH,Medicaid,3,0,0,0,0,0,1,False,False,False,False,False,False,False,
OR-F00543,Washington,2,Yes,AFH,Medicaid,2,0,0,0,0,0,1,False,False,False,False,False,False,False,
OR-F00500,Washington,5,Yes,AFH,Medicaid,3,0,0,0,0,0,1,False,False,False,False,False,False,False,
OR-F00597,Washington,3,Yes,AFH,Medicaid,3,0,0,0,0,0,1,False,False,False,False,False,False,False,
OR-F00719,Washington,5,Yes,AFH,Medicaid,5,2,0,0,0,0,1,False,False,False,False,False,False,False,
OR-F00253,Washington,5,No/Unknown,AFH,,2,1,0,0,0,0,1,False,False,False,False,False,False,False,
OR-F00099,Washington,5,No/Unknown,AFH,,0,0,0,0,0,0,1,False,False,False,False,False,False,False,
OR-F00777,Washington,5,Yes,AFH,Medicaid,3,0,0,0,0,0,1,False,False,False,False,False,False,False,
OR-F00780,Washington,5,Yes,AFH,Medicaid,5,1,0,0,0,0,1,False,False,False,False,False,False,False,
OR-F00439,Washington,5,Yes,AFH,Medicaid,5,1,0,0,0,0,1,False,False,False,False,False,False,False,
OR-F00786,Washington,5,Yes,AFH,Medicaid,1,0,0,0,0,0,1,False,False,False,False,False,False,False,
OR-F00571,Washington,110,Yes,RCF,Medicaid,21,20,7,0,0,6,1,False,False,True,True,False,True,False,
OR-F00115,Washington,5,Yes,AFH,Medicaid,0,0,0,0,0,0,1,False,False,False,False,False,False,False,
OR-F00689,Washington,5,Yes,AFH,Medicaid,1,0,0,0,0,0,1,False,False,False,False,False,False,False,
OR-F00774,Washington,5,Yes,AFH,Medicaid,3,0,0,0,0,0,1,False,False,False,False,False,False,False,
OR-F00781,Washington,5,Yes,AFH,Medicaid,3,0,0,0,0,0,1,False,False,False,False,False,False,False,
OR-F00507,Washington,5,Yes,AFH,Medicaid,3,0,0,0,0,0,1,False,False,False,False,False,False,False,
OR-F00518,Washington,5,Yes,AFH,Medicaid,3,0,0,0,0,0,1,False,False,False,False,False,False,False,
OR-F00743,Washington,5,Yes,AFH,Medicaid,0,0,0,0,0,0,1,False,False,False,False,False,False,False,
OR-F00511,Washington,5,Yes,AFH,Medicaid,4,1,0,0,0,0,1,False,False,False,False,False,False,False,
OR-F00728,Washington,5,Yes,AFH,Medicaid,3,0,0,0,0,0,1,False,False,False,False,False,False,False,
OR-F00244,Washington,3,Yes,AFH,Medicaid,2,0,0,0,0,0,1,False,False,False,False,False,False,False,
OR-F00082,Washington,5,Yes,AFH,Medicaid,0,0,0,0,0,0,1,False,False,False,False,False,False,False,
OR-F00203,Washington,78,Yes,NF,Medicaid,0,0,0,0,0,0,1,False,False,False,False,False,False,False,
OR-F00186,Washington,5,Yes,AFH,Medicaid,3,0,0,0,0,0,1,False,False,False,False,False,False,False,
OR-F00787,Washington,5,Yes,AFH,Medicaid,1,0,0,0,0,0,1,False,False,False,False,False,False,False,
OR-F00750,Washington,5,Yes,AFH,Medicaid,3,0,0,0,0,0,1,False,False,False,False,False,False,False,
OR-F00357,Washington,90,Yes,"RCF, Memory Care",Medicaid,3,1,1,0,0,1,1,False,False,False,True,False,True,False,
OR-F00714,Washington,0,No/Unknown,AFH,,0,0,0,0,0,0,1,False,False,False,False,False,False,False,
OR-F00287,Washington,5,Yes,AFH,Medicaid,3,0,0,0,0,0,1,False,False,False,False,False,False,False,
OR-F00285,Washington,5,No/Unknown,AFH,,3,0,0,0,0,0,1,False,False,False,False,False,False,False,
OR-F00263,Washington,5,No/Unknown,AFH,,3,0,0,0,0,0,1,False,False,False,False,False,False,False,
OR-F00248,Washington,5,No/Unknown,AFH,,4,0,0,0,0,0,1,False,False,False,False,False,False,False,
OR-F00070,Washington,5,Yes,AFH,Medicaid,0,0,0,0,0,0,1,False,False,False,False,False,False,False,
OR-F00505,Washington,5,Yes,AFH,Medicaid,3,0,0,0,0,0,1,False,False,False,False,False,False,False,
OR-F00156,Washington,5,Yes,AFH,Medicaid,1,0,0,0,0,0,1,False,False,False,False,False,False,False,
OR-F00587,Washington,5,Yes,AFH,Medicaid,3,0,0,0,0,0,1,False,False,False,False,False,False,False,
OR-F00164,Washington,5,Yes,AFH,Medicaid,9,0,1,0,0,1,1,False,False,False,True,False,True,False,
OR-F00608,Washington,5,No/Unknown,AFH,,0,0,0,0,0,0,1,False,False,False,False,False,False,False,
OR-F00562,Washington,5,Yes,AFH,Medicaid,3,0,1,0,0,1,1,False,False,False,True,False,True,False,
OR-F00238,Washington,5,Yes,AFH,Medicaid,8,1,1,0,0,1,1,False,False,False,True,False,True,False,
OR-F00538,Washington,5,Yes,AFH,Medicaid,2,0,2,0,0,2,1,False,False,False,True,False,True,False,
OR-F00533,Washington,5,Yes,AFH,Medicaid,2,0,0,0,0,0,1,False,False,False,False,False,False,False,
OR-F00534,Washington,5,Yes,AFH,Medicaid,7,2,1,0,0,1,1,False,False,False,True,False,True,False,
OR-F00239,Washington,5,Yes,AFH,Medicaid,4,1,0,0,0,0,1,False,False,False,False,False,False,False,
OR-F00556,Washington,5,No/Unknown,AFH,,5,1,0,0,0,0,1,False,False,False,False,False,False,False,
OR-F00633,Washington,147,Yes,ALF,Medicaid,2,0,1,0,0,1,2,True,False,False,True,False,True,False,
OR-F00334,Washington,27,Yes,"RCF, Memory Care",Medicaid,2,0,1,0,0,1,2,True,False,False,True,False,True,False,
OR-F00482,Washington,5,Yes,AFH,Medicaid,3,0,0,0,0,0,1,False,False,False,False,False,False,False,
OR-F00760,Washington,5,Yes,AFH,Medicaid,7,1,2,0,0,2,1,False,False,False,True,False,True,False,
OR-F00268,Washington,5,No/Unknown,AFH,,3,0,0,0,0,0,1,False,False,False,False,False,False,False,
OR-F00168,Washington,5,Yes,AFH,Medicaid,1,0,0,0,0,0,1,False,False,False,False,False,False,False,
OR-F00761,Washington,5,Yes,AFH,Medicaid,5,1,0,0,0,0,1,False,False,False,False,False,False,False,
OR-F00549,Washington,5,Yes,AFH,Medicaid,5,2,0,0,0,0,1,False,False,False,False,False,False,False,
OR-F00014,Washington,5,Yes,AFH,Medicaid,0,0,0,0,0,0,1,False,False,False,False,False,False,False,
OR-F00483,Washington,5,Yes,AFH,Medicaid,4,1,0,0,0,0,1,False,False,False,False,False,False,False,
OR-F00508,Washington,5,Yes,AFH,Medicaid,0,0,0,0,0,0,1,False,False,False,False,False,False,False,
OR-F00560,Washington,5,Yes,AFH,Medicaid,5,2,0,0,0,0,1,False,False,False,False,False,False,False,
OR-F00295,Washington,64,Yes,"RCF, Memory Care",Medicaid,5,2,3,0,0,3,1,False,False,False,True,False,True,False,
OR-F00529,Washington,4,Yes,AFH,Medicaid,1,0,0,0,0,0,1,False,False,False,False,False,False,False,
OR-F00072,Washington,5,Yes,AFH,Medicaid,0,0,0,0,0,0,1,False,False,False,False,False,False,False,
OR-F00756,Washington,5,Yes,AFH,Medicaid,6,3,0,0,0,0,1,False,False,True,False,False,False,False,
OR-F00292,Washington,5,Yes,AFH,Medicaid,4,1,0,0,0,0,1,False,False,False,False,False,False,False,
OR-F00510,Washington,5,Yes,AFH,Medicaid,8,5,1,0,0,1,1,False,False,True,True,False,True,False,
OR-F00039,Washington,5,Yes,AFH,Medicaid,0,0,0,0,0,0,1,False,False,False,False,False,False,False,
OR-F00033,Washington,5,Yes,AFH,Medicaid,0,0,0,0,0,0,1,False,False,False,False,False,False,False,
OR-F00258,Washington,4,Yes,AFH,Medicaid,11,1,1,0,0,1,1,False,False,False,True,False,True,False,
OR-F00620,Washington,5,Yes,AFH,Medicaid,1,0,0,0,0,0,1,False,False,False,False,False,False,False,
OR-F00434,Washington,5,Yes,AFH,Medicaid,3,0,0,0,0,0,1,False,False,False,False,False,False,False,
OR-F00454,Washington,5,Yes,AFH,Medicaid,5,1,0,0,0,0,1,False,False,False,False,False,False,False,
OR-F00646,Washington,153,No/Unknown,"ALF, Memory Care",,2,0,0,0,0,0,1,False,False,False,False,False,False,False,
OR-F00592,Washington,4,Yes,AFH,Medicaid,0,0,0,0,0,0,1,False,False,False,False,False,False,False,
OR-F00020,Washington,5,No/Unknown,AFH,,0,0,0,0,0,0,1,False,False,False,False,False,False,False,
OR-F00254,Washington,4,Yes,AFH,Medicaid,7,4,2,0,0,2,1,False,False,True,True,False,True,False,
OR-F00726,Washington,4,Yes,AFH,Medicaid,2,0,0,0,0,0,1,False,False,False,False,False,False,False,
OR-F00015,Washington,2,Yes,AFH,Medicaid,0,0,0,0,0,0,1,False,False,False,False,False,False,False,
OR-F00147,Washington,3,Yes,AFH,Medicaid,9,2,1,0,0,1,1,False,False,False,True,False,True,False,
OR-F00222,Washington,5,Yes,AFH,Medicaid,6,2,0,0,0,0,1,False,False,False,False,False,False,False,
OR-F00784,Washington,5,Yes,AFH,Medicaid,13,8,1,0,0,1,1,False,False,True,True,False,True,False,
OR-F00775,Washington,4,Yes,AFH,Medicaid,2,0,0,0,0,0,1,False,False,False,False,False,False,False,
OR-F00113,Washington,5,Yes,AFH,Medicaid,0,0,0,0,0,0,1,False,False,False,False,False,False,False,
OR-F00128,Washington,5,No/Unknown,AFH,,0,0,0,0,0,0,1,False,False,False,False,False,False,False,
OR-F00499,Washington,5,Yes,AFH,Medicaid,3,0,0,0,0,0,1,False,False,False,False,False,False,False,
OR-F00172,Washington,5,Yes,AFH,Medicaid,3,2,0,0,0,0,1,False,False,False,False,False,False,False,
OR-F00729,Washington,5,Yes,AFH,Medicaid,5,0,7,0,0,7,1,False,False,False,True,False,True,False,
OR-F00443,Washington,5,Yes,AFH,Medicaid,3,0,0,0,0,0,1,False,False,False,False,False,False,False,
OR-F00551,Washington,5,Yes,AFH,Medicaid,5,2,0,0,0,0,1,False,False,False,False,False,False,False,
OR-F00276,Washington,5,No/Unknown,AFH,,3,0,0,0,0,0,1,False,False,False,False,False,False,False,
OR-F00274,Washington,5,Yes,AFH,Medicaid,3,0,0,0,0,0,1,False,False,False,False,False,False,False,
OR-F00438,Washington,5,No/Unknown,AFH,,4,1,0,0,0,0,1,False,False,False,False,False,False,False,
OR-F00071,Washington,5,Yes,AFH,Medicaid,0,0,0,0,0,0,1,False,False,False,False,False,False,False,
OR-F00535,Washington,5,Yes,AFH,Medicaid,1,0,0,0,0,0,1,False,False,False,False,False,False,False,
OR-F00492,Washington,5,Yes,AFH,Medicaid,4,0,0,0,0,0,1,False,False,False,False,False,False,False,
OR-F00021,Washington,5,Yes,AFH,Medicaid,0,0,0,0,0,0,1,False,False,False,False,False,False,False,
OR-F00241,Washington,3,Yes,AFH,Medicaid,1,0,0,0,0,0,1,False,False,False,False,False,False,False,
OR-F00291,Washington,5,Yes,AFH,Medicaid,3,0,0,0,0,0,1,False,False,False,False,False,False,False,
OR-F00603,Washington,5,Yes,AFH,Medicaid,1,0,0,0,0,0,1,False,False,False,False,False,False,False,
OR-F00131,Washington,5,No/Unknown,AFH,,0,0,0,0,0,0,1,False,False,False,False,False,False,False,
OR-F00065,Washington,5,Yes,AFH,Medicaid,0,0,0,0,0,0,1,False,False,False,False,False,False,False,
OR-F00183,Washington,5,Yes,AFH,Medicaid,0,0,0,0,0,0,1,False,False,False,False,False,False,False,
OR-F00751,Washington,5,No/Unknown,AFH,,3,0,0,0,0,0,1,False,False,False,False,False,False,False,
OR-F00152,Washington,5,Yes,AFH,Medicaid,1,0,0,0,0,0,1,False,False,False,False,False,False,False,
OR-F00245,Washington,5,Yes,AFH,Medicaid,4,1,0,0,0,0,1,False,False,False,False,False,False,False,
OR-F00433,Washington,5,Yes,AFH,Medicaid,3,0,0,0,0,0,1,False,False,False,False,False,False,False,
OR-F00448,Washington,5,No/Unknown,AFH,,6,0,3,0,0,3,1,False,False,False,True,False,True,False,
OR-F00527,Washington,5,Yes,AFH,Medicaid,4,1,0,0,0,0,1,False,False,False,False,False,False,False,
OR-F00489,Washington,5,Yes,AFH,Medicaid,4,2,0,0,0,0,1,False,False,False,False,False,False,False,
OR-F00212,Washington,39,Yes,"NF, Memory Care",Medicaid,0,0,0,0,0,0,2,True,False,False,False,False,False,False,
OR-F00297,Washington,22,Yes,"RCF, Memory Care",Medicaid,3,0,0,0,0,0,2,True,False,False,False,False,False,False,
OR-F00674,Washington,70,Yes,ALF,Medicaid,2,0,0,0,0,0,1,False,False,False,False,False,False,False,
OR-F00202,Washington,63,Yes,NF,Medicaid,0,0,0,0,0,0,1,False,False,False,False,False,False,False,
OR-F00648,Washington,87,Yes,ALF,Medicaid,3,0,1,0,0,1,1,False,False,False,True,False,True,False,
OR-F00607,Washington,5,Yes,AFH,Medicaid,3,0,0,0,0,0,1,False,False,False,False,False,False,False,
OR-F00160,Washington,5,Yes,AFH,Medicaid,3,0,0,0,0,0,1,False,False,False,False,False,False,False,
OR-F00198,Washington,165,Yes,NF,Medicaid,0,0,1,0,0,1,2,True,False,False,True,False,True,False,
OR-F00331,Washington,16,Yes,"RCF, Memory Care",Medicaid,2,0,1,0,0,1,2,True,False,False,True,False,True,False,
OR-F00392,Washington,5,No/Unknown,AFH,,3,0,0,0,0,0,1,False,False,False,False,False,False,False,
OR-F00175,Washington,5,Yes,AFH,Medicaid,3,0,0,0,0,0,1,False,False,False,False,False,False,False,
OR-F00628,Washington,5,Yes,AFH,Medicaid,1,0,0,0,0,0,2,True,False,False,False,False,False,False,
OR-F00506,Washington,5,Yes,AFH,Medicaid,6,3,0,0,0,0,2,True,False,True,False,False,False,False,
OR-F00167,Washington,5,Yes,AFH,Medicaid,3,0,0,0,0,0,1,False,False,False,False,False,False,False,
OR-F00189,Washington,5,Yes,AFH,Medicaid,0,0,0,0,0,0,1,False,False,False,False,False,False,False,
OR-F00617,Washington,3,Yes,AFH,Medicaid,4,1,0,0,0,0,1,False,False,False,False,False,False,False,
OR-F00606,Washington,5,Yes,AFH,Medicaid,3,0,0,0,0,0,1,False,False,False,False,False,False,False,
OR-F00690,Washington,4,Yes,AFH,Medicaid,4,0,0,0,0,0,1,False,False,False,False,False,False,False,
OR-F00649,Washington,65,No/Unknown,ALF,,5,2,1,0,0,1,2,True,False,False,True,False,True,False,
OR-F00341,Washington,23,No/Unknown,"RCF, Memory Care",,3,0,1,0,0,1,2,True,False,False,True,False,True,False,
OR-F00657,Washington,141,No/Unknown,ALF,,0,0,0,0,0,0,1,False,False,False,False,False,False,False,
OR-F00652,Washington,131,No/Unknown,ALF,,4,1,0,0,0,0,2,True,False,False,False,False,False,False,
OR-F00350,Washington,28,No/Unknown,"RCF, Memory Care",,3,0,2,0,0,2,2,True,False,False,True,False,True,False,
OR-F00548,Washington,5,Yes,AFH,Medicaid,2,0,0,0,0,0,1,False,False,False,False,False,False,False,
OR-F00162,Washington,5,Yes,AFH,Medicaid,7,3,1,0,0,1,1,False,False,True,True,False,True,False,
OR-F00236,Washington,5,Yes,AFH,Medicaid,8,3,1,0,0,1,1,False,False,True,True,False,True,False,
OR-F00713,Washington,5,Yes,AFH,Medicaid,11,3,1,0,0,1,1,False,False,True,True,False,True,False,
OR-F00769,Washington,5,Yes,AFH,Medicaid,1,0,0,0,0,0,1,False,False,False,False,False,False,False,
OR-F00125,Washington,5,Yes,AFH,Medicaid,0,0,0,0,0,0,1,False,False,False,False,False,False,False,
OR-F00488,Washington,1,Yes,AFH,Medicaid,3,0,0,0,0,0,1,False,False,False,False,False,False,False,
OR-F00038,Washington,5,Yes,AFH,Medicaid,0,0,0,0,0,0,1,False,False,False,False,False,False,False,
OR-F00468,Washington,5,No/Unknown,AFH,,4,0,0,0,0,0,1,False,False,False,False,False,False,False,
OR-F00702,Washington,5,No/Unknown,AFH,,3,0,0,0,0,0,1,False,False,False,False,False,False,False,
OR-F00423,Washington,5,No/Unknown,AFH,,5,1,1,0,0,1,1,False,False,False,True,False,True,False,
OR-F00770,Washington,5,Yes,AFH,Medicaid,2,0,0,0,0,0,1,False,False,False,False,False,False,False,
OR-F00611,Washington,5,Yes,AFH,Medicaid,7,2,1,0,0,1,1,False,False,False,True,False,True,False,
OR-F00591,Washington,5,Yes,AFH,Medicaid,4,2,1,0,0,1,1,False,False,False,True,False,True,False,
OR-F00066,Washington,5,Yes,AFH,Medicaid,0,0,0,0,0,0,1,False,False,False,False,False,False,False,
OR-F00425,Washington,5,No/Unknown,AFH,,4,2,1,0,0,1,1,False,False,False,True,False,True,False,
OR-F00465,Washington,5,No/Unknown,AFH,,5,1,0,0,0,0,1,False,False,False,False,False,False,False,
OR-F00376,Washington,5,Yes,AFH,Medicaid,3,0,0,0,0,0,1,False,False,False,False,False,False,False,
OR-F00694,Washington,5,No/Unknown,AFH,,3,0,0,0,0,0,1,False,False,False,False,False,False,False,
OR-F00494,Washington,5,No/Unknown,AFH,,4,1,0,0,0,0,1,False,False,False,False,False,False,False,
OR-F00559,Washington,2,No/Unknown,AFH,,3,0,0,0,0,0,1,False,False,False,False,False,False,False,
OR-F00650,Washington,75,No/Unknown,ALF,,3,0,1,0,0,1,1,False,False,False,True,False,True,False,
OR-F00345,Washington,44,No/Unknown,"RCF, Memory Care",,5,2,2,0,0,2,1,False,False,False,True,False,True,False,
OR-F00127,Washington,5,No/Unknown,AFH,,0,0,0,0,0,0,1,False,False,False,False,False,False,False,
OR-F00343,Washington,33,No/Unknown,"RCF, Memory Care",,5,3,0,0,0,0,1,False,False,True,False,False,False,False,
OR-F00057,Washington,5,Yes,AFH,Medicaid,0,0,0,0,0,0,1,False,False,False,False,False,False,False,
OR-F00582,Washington,5,Yes,AFH,Medicaid,1,0,0,0,0,0,1,False,False,False,False,False,False,False,
OR-F00085,Washington,5,Yes,AFH,Medicaid,0,0,0,0,0,0,1,False,False,False,False,False,False,False,
OR-F00469,Washington,5,Yes,AFH,Medicaid,5,1,0,0,0,0,1,False,False,False,False,False,False,False,
OR-F00191,Washington,5,No/Unknown,AFH,,1,0,0,0,0,0,1,False,False,False,False,False,False,False,
OR-F00709,Washington,4,Yes,AFH,Medicaid,3,0,0,0,0,0,1,False,False,False,False,False,False,False,
OR-F00421,Washington,5,Yes,AFH,Medicaid,3,0,0,0,0,0,1,False,False,False,False,False,False,False,
OR-F00126,Washington,5,Yes,AFH,Medicaid,0,0,0,0,0,0,1,False,False,False,False,False,False,False,
OR-F00243,Washington,5,No/Unknown,AFH,,4,1,0,0,0,0,1,False,False,False,False,False,False,False,
OR-F00574,Washington,56,Yes,"RCF, Memory Care",Medicaid,6,4,2,0,0,2,2,True,False,True,True,False,True,False,
OR-F00663,Washington,78,Yes,ALF,Medicaid,4,2,3,0,0,3,2,True,False,False,True,False,True,False,
OR-F00539,Washington,5,Yes,AFH,Medicaid,5,0,0,0,0,0,1,False,False,False,False,False,False,False,
OR-F00764,Washington,5,Yes,AFH,Medicaid,0,0,0,0,0,0,1,False,False,False,False,False,False,False,
OR-F00138,Washington,5,Yes,AFH,Medicaid,0,0,0,0,0,0,1,False,False,False,False,False,False,False,
OR-F00708,Washington,5,Yes,AFH,Medicaid,0,0,0,0,0,0,1,False,False,False,False,False,False,False,
OR-F00042,Washington,5,Yes,AFH,Medicaid,0,0,0,0,0,0,1,False,False,False,False,False,False,False,
OR-F00732,Washington,5,Yes,AFH,Medicaid,4,0,0,0,0,0,1,False,False,False,False,False,False,False,
OR-F00023,Washington,5,Yes,AFH,Medicaid,0,0,0,0,0,0,1,False,False,False,False,False,False,False,
OR-F00165,Washington,5,Yes,AFH,Medicaid,2,0,0,0,0,0,1,False,False,False,False,False,False,False,
OR-F00579,Washington,5,Yes,AFH,Medicaid,3,0,0,0,0,0,1,False,False,False,False,False,False,False,
OR-F00068,Washington,5,Yes,AFH,Medicaid,0,0,0,0,0,0,1,False,False,False,False,False,False,False,
OR-F00040,Washington,5,Yes,AFH,Medicaid,0,0,0,0,0,0,1,False,False,False,False,False,False,False,
OR-F00414,Washington,5,Yes,AFH,Medicaid,7,5,1,0,0,1,1,False,False,True,True,False,True,False,
OR-F00788,Washington,5,Yes,AFH,Medicaid,3,2,0,0,0,0,1,False,False,False,False,False,False,False,
OR-F00252,Washington,5,Yes,AFH,Medicaid,6,1,0,0,0,0,1,False,False,False,False,False,False,False,
OR-F00223,Washington,5,No/Unknown,AFH,,3,0,0,0,0,0,1,False,False,False,False,False,False,False,
OR-F00682,Washington,75,Yes,ALF,Medicaid,10,8,5,0,0,5,1,False,False,True,True,False,True,False,
OR-F00677,Washington,74,Yes,ALF,Medicaid,3,0,0,0,0,0,1,False,False,False,False,False,False,False,
OR-F00636,Washington,90,Yes,ALF,Medicaid,5,2,0,0,0,0,2,True,False,False,False,False,False,False,
OR-F00313,Washington,21,Yes,"RCF, Memory Care",Medicaid,4,1,0,0,0,0,2,True,False,False,False,False,False,False,
OR-F00413,Washington,5,No/Unknown,AFH,,3,0,0,0,0,0,1,False,False,False,False,False,False,False,
OR-F00459,Washington,5,Yes,AFH,Medicaid,8,1,2,0,0,2,1,False,False,False,True,False,True,False,
OR-F00294,Washington,49,No/Unknown,"RCF, Memory Care",,4,2,2,0,0,2,2,True,False,False,True,False,True,False,
OR-F00669,Washington,118,No/Unknown,ALF,,2,0,0,0,0,0,2,True,False,False,False,False,False,False,
OR-F00449,Washington,4,Yes,AFH,Medicaid,3,0,0,0,0,0,1,False,False,False,False,False,False,False,
OR-F00163,Washington,5,Yes,AFH,Medicaid,6,3,0,0,0,0,1,False,False,True,False,False,False,False,
OR-F00405,Washington,5,Yes,AFH,Medicaid,1,0,2,0,0,2,1,False,False,False,True,False,True,False,
OR-F00600,Washington,5,Yes,AFH,Medicaid,1,0,0,0,0,0,1,False,False,False,False,False,False,False,
OR-F00050,Washington,5,Yes,AFH,Medicaid,0,0,0,0,0,0,1,False,False,False,False,False,False,False,
OR-F00062,Washington,4,No/Unknown,AFH,,0,0,0,0,0,0,1,False,False,False,False,False,False,False,
OR-F00024,Washington,3,Yes,AFH,Medicaid,0,0,0,0,0,0,1,False,False,False,False,False,False,False,
OR-F00463,Washington,5,Yes,AFH,Medicaid,4,1,0,0,0,0,1,False,False,False,False,False,False,False,
OR-F00480,Washington,5,Yes,AFH,Medicaid,3,0,0,0,0,0,1,False,False,False,False,False,False,False,
OR-F00722,Washington,5,Yes,AFH,Medicaid,5,2,0,0,0,0,2,True,False,False,False,False,False,False,
OR-F00734,Washington,5,Yes,AFH,Medicaid,3,0,0,0,0,0,2,True,False,False,False,False,False,False,
OR-F00520,Washington,5,Yes,AFH,Medicaid,2,0,1,1,0,0,1,False,False,False,True,False,False,False,
OR-F00283,Washington,5,Yes,AFH,Medicaid,2,0,1,0,0,1,1,False,False,False,True,False,True,False,
OR-F00314,Washington,48,Yes,"RCF, Memory Care",Medicaid,1,0,1,0,0,1,1,False,False,False,True,False,True,False,
OR-F00670,Washington,95,Yes,ALF,Medicaid,6,4,2,0,0,2,1,False,False,True,True,False,True,False,
OR-F00530,Washington,4,Yes,AFH,Medicaid,10,0,1,0,0,1,1,False,False,False,True,False,True,False,
OR-F00269,Washington,5,Yes,AFH,Medicaid,4,1,0,0,0,0,1,False,False,False,False,False,False,False,
OR-F00181,Washington,5,Yes,AFH,Medicaid,4,1,0,0,0,0,1,False,False,False,False,False,False,False,
OR-F00005,Washington,5,Yes,AFH,Medicaid,0,0,0,0,0,0,1,False,False,False,False,False,False,False,
OR-F00180,Washington,5,Yes,AFH,Medicaid,1,0,0,0,0,0,1,False,False,False,False,False,False,False,
OR-F00290,Washington,5,Yes,AFH,Medicaid,3,0,0,0,0,0,1,False,False,False,False,False,False,False,
OR-F00746,Washington,3,Yes,AFH,Medicaid,3,1,0,0,0,0,1,False,False,False,False,False,False,False,
OR-F00262,Washington,5,Yes,AFH,Medicaid,4,1,0,0,0,0,1,False,False,False,False,False,False,False,
OR-F00097,Washington,3,Yes,AFH,Medicaid,0,0,0,0,0,0,1,False,False,False,False,False,False,False,
OR-F00130,Washington,5,No/Unknown,AFH,,0,0,0,0,0,0,1,False,False,False,False,False,False,False,
OR-F00305,Washington,71,No/Unknown,RCF,,0,0,0,0,0,0,1,False,False,False,False,False,False,False,
OR-F00209,Washington,5,No/Unknown,AFH,,1,0,0,0,0,0,1,False,False,False,False,False,False,False,
OR-F00148,Washington,5,Yes,AFH,Medicaid,3,0,0,0,0,0,1,False,False,False,False,False,False,False,
OR-F00501,Washington,5,No/Unknown,AFH,,3,0,0,0,0,0,1,False,False,False,False,False,False,False,
OR-F00502,Washington,5,No/Unknown,AFH,,3,0,0,0,0,0,1,False,False,False,False,False,False,False,
OR-F00259,Washington,5,No/Unknown,AFH,,6,2,0,0,0,0,1,False,False,False,False,False,False,False,
OR-F00412,Washington,5,Yes,AFH,Medicaid,7,0,1,0,0,1,1,False,False,False,True,False,True,False,
OR-F00426,Washington,3,Yes,AFH,Medicaid,3,0,0,0,0,0,1,False,False,False,False,False,False,False,
OR-F00271,Washington,4,Yes,AFH,Medicaid,0,0,0,0,0,0,1,False,False,False,False,False,False,False,
OR-F00622,Washington,4,Yes,AFH,Medicaid,1,0,0,0,0,0,1,False,False,False,False,False,False,False,
OR-F00064,Washington,5,Yes,AFH,Medicaid,0,0,0,0,0,0,1,False,False,False,False,False,False,False,
OR-F00370,Washington,3,Yes,AFH,Medicaid,3,0,0,0,0,0,1,False,False,False,False,False,False,False,
OR-F00686,Washington,84,No/Unknown,ALF,,3,0,0,0,0,0,2,True,False,False,False,False,False,False,
OR-F00192,Washington,5,Yes,AFH,Medicaid,3,0,0,0,0,0,1,False,False,False,False,False,False,False,
OR-F00471,Washington,1,Yes,AFH,Medicaid,3,0,0,0,0,0,1,False,False,False,False,False,False,False,
OR-F00523,Washington,5,No/Unknown,AFH,,4,1,0,0,0,0,1,False,False,False,False,False,False,False,
OR-F00151,Washington,5,No/Unknown,AFH,,1,0,0,0,0,0,1,False,False,False,False,False,False,False,
OR-F00022,Washington,5,No/Unknown,AFH,,0,0,0,0,0,0,1,False,False,False,False,False,False,False,
OR-F00692,Washington,5,Yes,AFH,Medicaid,4,1,0,0,0,0,1,False,False,False,False,False,False,False,
OR-F00585,Washington,5,Yes,AFH,Medicaid,9,0,1,0,0,1,1,False,False,False,True,False,True,False,
OR-F00747,Washington,5,No/Unknown,AFH,,6,1,0,0,0,0,1,False,False,False,False,False,False,False,
OR-F00110,Washington,4,Yes,AFH,Medicaid,0,0,0,0,0,0,1,False,False,False,False,False,False,False,
OR-F00250,Washington,3,No/Unknown,AFH,,3,0,0,0,0,0,1,False,False,False,False,False,False,False,
OR-F00386,Washington,5,No/Unknown,AFH,,3,0,0,0,0,0,1,False,False,False,False,False,False,False,
OR-F00715,Washington,5,Yes,AFH,Medicaid,2,0,0,0,0,0,1,False,False,False,False,False,False,False,
OR-F00613,Washington,5,Yes,AFH,Medicaid,3,1,0,0,0,0,1,False,False,False,False,False,False,False,
OR-F00724,Washington,5,Yes,AFH,Medicaid,13,5,1,0,0,1,1,False,False,True,True,False,True,False,
OR-F00554,Washington,5,Yes,AFH,Medicaid,1,0,0,0,0,0,1,False,False,False,False,False,False,False,
OR-F00651,Washington,95,No/Unknown,ALF,,3,0,0,0,0,0,2,True,False,False,False,False,False,False,
OR-F00656,Washington,135,No/Unknown,ALF,,1,0,0,0,0,0,2,True,False,False,False,False,False,False,
OR-F00365,Washington,28,No/Unknown,"RCF, Memory Care",,1,0,0,0,0,0,2,True,False,False,False,False,False,False,
OR-F00347,Washington,30,No/Unknown,"RCF, Memory Care",,4,1,0,0,0,0,2,True,False,False,False,False,False,False,
OR-F00664,Washington,75,No/Unknown,ALF,,3,0,0,0,0,0,1,False,False,False,False,False,False,False,
OR-F00638,Washington,80,No/Unknown,ALF,,5,1,0,0,0,0,2,True,False,False,False,False,False,False,
OR-F00639,Washington,69,Yes,ALF,Medicaid,3,0,0,0,0,0,2,True,False,False,False,False,False,False,
OR-F00149,Washington,5,Yes,AFH,Medicaid,1,0,0,0,0,0,1,False,False,False,False,False,False,False,
OR-F00161,Washington,5,Yes,AFH,Medicaid,4,1,0,0,0,0,1,False,False,False,False,False,False,False,
OR-F00219,Washington,112,Yes,NF,Medicaid,0,0,3,0,0,3,1,False,False,False,True,False,True,False,
OR-F00598,Washington,5,Yes,AFH,Medicaid,4,1,0,0,0,0,1,False,False,False,False,False,False,False,
OR-F00116,Washington,4,Yes,AFH,Medicaid,0,0,0,0,0,0,1,False,False,False,False,False,False,False,
OR-F00344,Washington,155,No/Unknown,"RCF, Memory Care",,3,1,1,0,0,1,1,False,False,False,True,False,True,False,
OR-F00701,Washington,5,Yes,AFH,Medicaid,1,0,0,0,0,0,1,False,False,False,False,False,False,False,
OR-F00602,Washington,5,Yes,AFH,Medicaid,6,1,0,0,0,0,1,False,False,False,False,False,False,False,
OR-F00388,Washington,5,Yes,AFH,Medicaid,4,0,1,0,0,1,1,False,False,False,True,False,True,False,
OR-F00176,Washington,5,Yes,AFH,Medicaid,4,0,0,0,0,0,1,False,False,False,False,False,False,False,
OR-F00122,Washington,5,Yes,AFH,Medicaid,0,0,0,0,0,0,1,False,False,False,False,False,False,False,
OR-F00578,Washington,5,Yes,AFH,Medicaid,1,0,0,0,0,0,1,False,False,False,False,False,False,False,
OR-F00614,Washington,5,Yes,AFH,Medicaid,0,0,0,0,0,0,1,False,False,False,False,False,False,False,
OR-F00420,Washington,4,Yes,AFH,Medicaid,4,0,1,0,0,1,1,False,False,False,True,False,True,False,
OR-F00552,Washington,5,No/Unknown,AFH,,3,0,0,0,0,0,1,False,False,False,False,False,False,False,
OR-F00531,Washington,5,Yes,AFH,Medicaid,4,0,0,0,0,0,1,False,False,False,False,False,False,False,
OR-F00776,Washington,5,Yes,AFH,Medicaid,1,0,0,0,0,0,1,False,False,False,False,False,False,False,
OR-F00332,Washington,48,Yes,"RCF, Memory Care",Medicaid,4,2,3,0,0,3,1,False,False,False,True,False,True,False,
OR-F00340,Washington,68,Yes,"RCF, Memory Care",Medicaid,15,12,2,0,0,2,1,False,False,True,True,False,True,False,
OR-F00089,Washington,4,Yes,AFH,Medicaid,0,0,0,0,0,0,1,False,False,False,False,False,False,False,
OR-F00772,Washington,3,Yes,AFH,Medicaid,3,0,0,0,0,0,1,False,False,False,False,False,False,False,
OR-F00684,Washington,55,Yes,ALF,Medicaid,2,0,1,0,0,1,1,False,False,False,True,False,True,False,
OR-F00754,Washington,2,Yes,AFH,Medicaid,0,0,0,0,0,0,1,False,False,False,False,False,False,False,
OR-F00220,Washington,5,Yes,AFH,Medicaid,3,0,0,0,0,0,1,False,False,False,False,False,False,False,
OR-F00497,Washington,5,Yes,AFH,Medicaid,2,0,0,0,0,0,1,False,False,False,False,False,False,False,
OR-F00697,Washington,5,Yes,AFH,Medicaid,3,0,0,0,0,0,1,False,False,False,False,False,False,False,
OR-F00785,Washington,5,No/Unknown,AFH,,0,0,0,0,0,0,1,False,False,False,False,False,False,False,
OR-F00060,Washington,5,Yes,AFH,Medicaid,0,0,0,0,0,0,1,False,False,False,False,False,False,False,
OR-F00407,Washington,5,Yes,AFH,Medicaid,3,0,0,0,0,0,1,False,False,False,False,False,False,False,
OR-F00583,Washington,5,Yes,AFH,Medicaid,0,0,0,0,0,0,1,False,False,False,False,False,False,False,
OR-F00032,Clackamas,5,No,AFH,,1,0,0,0,0,0,1,False,False,False,False,False,False,False,
OR-F00026,Clackamas,5,Yes,AFH,Medicaid,1,0,0,0,0,0,1,False,False,False,False,False,False,False,
OR-F00733,Clackamas,5,No,AFH,,4,0,0,0,0,0,1,False,False,False,False,False,False,False,
OR-F00237,Clackamas,5,Yes,AFH,Medicaid,6,0,0,0,0,0,1,False,False,False,False,False,False,False,
OR-F00006,Clackamas,4,Yes,AFH,Medicaid,3,0,0,0,0,0,1,False,False,False,False,False,False,False,
OR-F00402,Clackamas,5,No,AFH,,4,0,1,0,0,1,1,False,False,False,True,False,True,False,
OR-F00699,Clackamas,5,Yes,AFH,Medicaid,4,0,0,0,0,0,1,False,False,False,False,False,False,False,
OR-F00773,Clackamas,5,Yes,AFH,Medicaid,4,0,0,0,0,0,1,False,False,False,False,False,False,False,
OR-F00717,Clackamas,5,Yes,AFH,Medicaid,5,1,0,0,0,0,1,False,False,False,False,False,False,False,
OR-F00169,Clackamas,5,No,AFH,,1,0,0,0,0,0,1,False,False,False,False,False,False,False,
OR-F00437,Clackamas,5,Yes,AFH,Medicaid,4,0,0,0,0,0,1,False,False,False,False,False,False,False,
OR-F00704,Clackamas,5,Yes,AFH,Medicaid,7,0,0,0,0,0,1,False,False,False,False,False,False,False,
OR-F00440,Clackamas,5,Yes,AFH,Medicaid,6,0,0,0,0,0,1,False,False,False,False,False,False,False,
OR-F00593,Clackamas,5,Yes,AFH,Medicaid,5,0,0,0,0,0,1,False,False,False,False,False,False,False,
OR-F00721,Clackamas,4,Yes,AFH,Medicaid,16,0,6,0,0,6,1,False,False,False,True,False,True,False,
OR-F00394,Clackamas,5,No,AFH,,4,1,0,0,0,0,1,False,False,False,False,False,False,False,
OR-F00546,Clackamas,5,No,AFH,,1,0,0,0,0,0,1,False,False,False,False,False,False,False,
OR-F00190,Clackamas,5,No,AFH,,3,0,0,0,0,0,1,False,False,False,False,False,False,False,
OR-F00493,Clackamas,5,Yes,AFH,Medicaid,3,0,0,0,0,0,1,False,False,False,False,False,False,False,
OR-F00474,Clackamas,5,No,AFH,,4,0,0,0,0,0,1,False,False,False,False,False,False,False,
OR-F00472,Clackamas,5,No,AFH,,3,0,0,0,0,0,1,False,False,False,False,False,False,False,
OR-F00059,Clackamas,0,No,AFH,,0,0,0,0,0,0,1,False,False,False,False,False,False,False,
OR-F00450,Clackamas,5,No,AFH,,4,0,0,0,0,0,1,False,False,False,False,False,False,False,
OR-F00422,Clackamas,5,Yes,AFH,Medicaid,3,0,0,0,0,0,1,False,False,False,False,False,False,False,
OR-F00371,Clackamas,5,Yes,AFH,Medicaid,3,0,0,0,0,0,1,False,False,False,False,False,False,False,
OR-F00536,Clackamas,5,Yes,AFH,Medicaid,3,0,0,0,0,0,1,False,False,False,False,False,False,False,
OR-F00477,Clackamas,5,Yes,AFH,Medicaid,5,0,0,0,0,0,1,False,False,False,False,False,False,False,
OR-F00102,Clackamas,5,No,AFH,,1,0,0,0,0,0,1,False,False,False,False,False,False,False,
OR-F00233,Clackamas,5,Yes,AFH,Medicaid,0,0,0,0,0,0,1,False,False,False,False,False,False,False,
OR-F00298,Clackamas,10,Yes,"RCF, Memory Care",Medicaid,3,1,0,0,0,0,1,False,False,False,False,False,False,False,
OR-F00576,Clackamas,24,Yes,"RCF, Memory Care",Medicaid,3,0,0,0,0,0,2,True,False,False,False,False,False,False,
OR-F00681,Clackamas,65,Yes,ALF,Medicaid,3,1,0,0,0,0,2,True,False,False,False,False,False,False,
OR-F00201,Clackamas,87,Yes,NF,Medicaid,9,8,1,0,0,1,1,False,False,True,True,False,True,False,
OR-F00194,Clackamas,95,Yes,NF,Medicaid,18,17,1,0,0,1,1,False,False,True,True,False,True,False,
OR-F00348,Clackamas,15,Yes,"RCF, Memory Care",Medicaid,3,0,0,0,0,0,1,False,False,False,False,False,False,False,
OR-F00790,Clackamas,5,Yes,AFH,Medicaid,7,0,0,0,0,0,1,False,False,False,False,False,False,False,
OR-F00359,Clackamas,68,Yes,"RCF, Memory Care",Medicaid,8,5,4,0,0,4,1,False,False,True,True,False,True,False,
OR-F00251,Clackamas,5,No,AFH,,1,0,0,0,0,0,1,False,False,False,False,False,False,False,
OR-F00519,Clackamas,5,No,AFH,,4,0,0,0,0,0,1,False,False,False,False,False,False,False,
OR-F00382,Clackamas,3,Yes,AFH,Medicaid,5,0,0,0,0,0,1,False,False,False,False,False,False,False,
OR-F00092,Clackamas,5,Yes,AFH,Medicaid,2,0,0,0,0,0,1,False,False,False,False,False,False,False,
OR-F00171,Clackamas,5,Yes,AFH,Medicaid,8,0,0,0,0,0,1,False,False,False,False,False,False,False,
OR-F00154,Clackamas,5,Yes,AFH,Medicaid,14,0,1,0,0,1,1,False,False,False,True,False,True,False,
OR-F00631,Clackamas,60,No,ALF,,2,0,0,0,0,0,2,True,False,False,False,False,False,False,
OR-F00301,Clackamas,32,No,"RCF, Memory Care",,2,0,0,0,0,0,2,True,False,False,False,False,False,False,
OR-F00609,Clackamas,3,No,AFH,,5,0,0,0,0,0,1,False,False,False,False,False,False,False,
OR-F00300,Clackamas,120,Yes,"RCF, Memory Care",Medicaid,8,3,3,0,0,3,1,False,False,True,True,False,True,False,
OR-F00303,Clackamas,37,Yes,RCF,Medicaid,6,2,3,0,0,3,1,False,False,False,True,False,True,False,
OR-F00016,Clackamas,5,Yes,AFH,Medicaid,2,0,0,0,0,0,1,False,False,False,False,False,False,False,
OR-F00282,Clackamas,5,No,AFH,,5,0,0,0,0,0,1,False,False,False,False,False,False,False,
OR-F00187,Clackamas,5,Yes,AFH,Medicaid,4,0,1,0,0,1,1,False,False,False,True,False,True,False,
OR-F00680,Clackamas,55,Yes,ALF,Medicaid,5,2,2,0,0,2,1,False,False,False,True,False,True,False,
OR-F00242,Clackamas,5,Yes,AFH,Medicaid,4,0,0,0,0,0,1,False,False,False,False,False,False,False,
OR-F00155,Clackamas,5,Yes,AFH,Medicaid,2,0,0,0,0,0,1,False,False,False,False,False,False,False,
OR-F00627,Clackamas,5,No,AFH,,3,0,0,0,0,0,1,False,False,False,False,False,False,False,
OR-F00737,Clackamas,5,Yes,AFH,Medicaid,14,2,0,0,0,0,1,False,False,False,False,False,False,False,
OR-F00275,Clackamas,5,Yes,AFH,Medicaid,5,0,0,0,0,0,1,False,False,False,False,False,False,False,
OR-F00224,Clackamas,5,Yes,AFH,Medicaid,9,2,0,0,0,0,1,False,False,False,False,False,False,False,
OR-F00362,Clackamas,15,No,RCF,,3,0,0,0,0,0,1,False,False,False,False,False,False,False,
OR-F00451,Clackamas,5,Yes,AFH,Medicaid,3,0,0,0,0,0,1,False,False,False,False,False,False,False,
OR-F00791,Clackamas,5,Yes,AFH,Medicaid,2,0,0,0,0,0,1,False,False,False,False,False,False,False,
OR-F00484,Clackamas,4,Yes,AFH,Medicaid,7,1,0,0,0,0,1,False,False,False,False,False,False,False,
OR-F00763,Clackamas,5,Yes,AFH,Medicaid,1,0,0,0,0,0,1,False,False,False,False,False,False,False,
OR-F00304,Clackamas,40,No,RCF,,7,3,0,0,0,0,1,False,False,True,False,False,False,False,
OR-F00486,Clackamas,5,Yes,AFH,Medicaid,7,0,1,0,0,1,1,False,False,False,True,False,True,False,
OR-F00101,Clackamas,5,No,AFH,,0,0,0,0,0,0,1,False,False,False,False,False,False,False,
OR-F00044,Clackamas,5,No,AFH,,1,0,0,0,0,0,1,False,False,False,False,False,False,False,
OR-F00431,Clackamas,5,No,AFH,,3,0,0,0,0,0,1,False,False,False,False,False,False,False,
OR-F00409,Clackamas,5,Yes,AFH,Medicaid,8,0,1,0,0,1,1,False,False,False,True,False,True,False,
OR-F00281,Clackamas,5,Yes,AFH,Medicaid,6,0,0,0,0,0,1,False,False,False,False,False,False,False,
OR-F00153,Clackamas,5,No,AFH,,5,1,0,0,0,0,1,False,False,False,False,False,False,False,
OR-F00312,Clackamas,35,Yes,"RCF, Memory Care",Medicaid,4,1,0,0,0,0,2,True,False,False,False,False,False,False,
OR-F00330,Clackamas,20,Yes,"RCF, Memory Care",Medicaid,3,0,0,0,0,0,2,True,False,False,False,False,False,False,
OR-F00725,Clackamas,5,Yes,AFH,Medicaid,8,0,0,0,0,0,1,False,False,False,False,False,False,False,
OR-F00398,Clackamas,4,No,AFH,,4,0,0,0,0,0,1,False,False,False,False,False,False,False,
OR-F00485,Clackamas,5,Yes,AFH,Medicaid,3,0,0,0,0,0,1,False,False,False,False,False,False,False,
OR-F00286,Clackamas,5,Yes,AFH,Medicaid,3,0,0,0,0,0,1,False,False,False,False,False,False,False,
OR-F00466,Clackamas,5,No,AFH,,7,0,1,0,0,1,1,False,False,False,True,False,True,False,
OR-F00490,Clackamas,5,Yes,AFH,Medicaid,3,0,0,0,0,0,1,False,False,False,False,False,False,False,
OR-F00246,Clackamas,5,Yes,AFH,Medicaid,4,0,0,0,0,0,1,False,False,False,False,False,False,False,
OR-F00179,Clackamas,5,Yes,AFH,Medicaid,3,0,0,0,0,0,1,False,False,False,False,False,False,False,
OR-F00659,Clackamas,48,Yes,ALF,Medicaid,6,1,1,0,0,1,1,False,False,False,True,False,True,False,
OR-F00738,Clackamas,5,Yes,AFH,Medicaid,2,0,0,0,0,0,1,False,False,False,False,False,False,False,
OR-F00170,Clackamas,5,Yes,AFH,Medicaid,3,0,0,0,0,0,1,False,False,False,False,False,False,False,
OR-F00550,Clackamas,5,Yes,AFH,Medicaid,8,1,0,0,0,0,1,False,False,False,False,False,False,False,
OR-F00230,Clackamas,5,Yes,AFH,Medicaid,4,0,0,0,0,0,1,False,False,False,False,False,False,False,
OR-F00524,Clackamas,5,Yes,AFH,Medicaid,5,0,0,0,0,0,1,False,False,False,False,False,False,False,
OR-F00565,Clackamas,5,No,AFH,,3,0,0,0,0,0,1,False,False,False,False,False,False,False,
OR-F00723,Clackamas,5,Yes,AFH,Medicaid,4,0,0,0,0,0,1,False,False,False,False,False,False,False,
OR-F00030,Clackamas,3,Yes,AFH,Medicaid,3,0,0,0,0,0,1,False,False,False,False,False,False,False,
OR-F00261,Clackamas,4,Yes,AFH,Medicaid,5,0,0,0,0,0,1,False,False,False,False,False,False,False,
OR-F00460,Clackamas,5,Yes,AFH,Medicaid,5,0,0,0,0,0,1,False,False,False,False,False,False,False,
OR-F00208,Clackamas,5,Yes,AFH,Medicaid,5,1,0,0,0,0,1,False,False,False,False,False,False,False,
OR-F00010,Clackamas,5,Yes,AFH,Medicaid,0,0,0,0,0,0,1,False,False,False,False,False,False,False,
OR-F00594,Clackamas,5,Yes,AFH,Medicaid,8,0,0,0,0,0,1,False,False,False,False,False,False,False,
OR-F00025,Clackamas,5,Yes,AFH,Medicaid,4,0,1,0,0,1,1,False,False,False,True,False,True,False,
OR-F00792,Clackamas,5,Yes,AFH,Medicaid,7,0,1,0,0,1,1,False,False,False,True,False,True,False,
OR-F00385,Clackamas,5,Yes,AFH,Medicaid,6,0,0,0,0,0,1,False,False,False,False,False,False,False,
OR-F00372,Clackamas,3,Yes,AFH,Medicaid,3,0,0,0,0,0,1,False,False,False,False,False,False,False,
OR-F00503,Clackamas,5,Yes,AFH,Medicaid,4,1,0,0,0,0,1,False,False,False,False,False,False,False,
OR-F00046,Clackamas,5,Yes,AFH,Medicaid,5,1,0,0,0,0,1,False,False,False,False,False,False,False,
OR-F00311,Clackamas,30,Yes,RCF,Medicaid,5,2,4,0,0,4,5,True,True,False,True,False,True,False,
OR-F00319,Clackamas,30,Yes,RCF,Medicaid,4,1,1,0,0,1,5,True,True,False,True,False,True,False,
OR-F00338,Clackamas,30,Yes,RCF,Medicaid,4,1,3,0,0,3,5,True,True,False,True,False,True,False,
OR-F00318,Clackamas,30,Yes,RCF,Medicaid,3,1,1,0,0,1,5,True,True,False,True,False,True,False,
OR-F00029,Clackamas,2,No,AFH,,0,0,0,0,0,0,1,False,False,False,False,False,False,False,
OR-F00375,Clackamas,5,Yes,AFH,Medicaid,5,0,0,0,0,0,1,False,False,False,False,False,False,False,
OR-F00731,Clackamas,5,Yes,AFH,Medicaid,6,0,0,0,0,0,1,False,False,False,False,False,False,False,
OR-F00789,Clackamas,5,Yes,AFH,Medicaid,13,0,0,0,0,0,1,False,False,False,False,False,False,False,
OR-F00074,Clackamas,4,No,AFH,,0,0,0,0,0,0,1,False,False,False,False,False,False,False,
OR-F00100,Clackamas,5,Yes,AFH,Medicaid,0,0,0,0,0,0,1,False,False,False,False,False,False,False,
OR-F00618,Clackamas,5,Yes,AFH,Medicaid,3,0,0,0,0,0,1,False,False,False,False,False,False,False,
OR-F00088,Clackamas,5,No,AFH,,0,0,0,0,0,0,1,False,False,False,False,False,False,False,
OR-F00610,Clackamas,5,Yes,AFH,Medicaid,5,0,0,0,0,0,1,False,False,False,False,False,False,False,
OR-F00557,Clackamas,5,Yes,AFH,Medicaid,4,0,0,0,0,0,1,False,False,False,False,False,False,False,
OR-F00387,Clackamas,5,No,AFH,,5,0,0,0,0,0,1,False,False,False,False,False,False,False,
OR-F00495,Clackamas,5,No,AFH,,3,0,0,0,0,0,1,False,False,False,False,False,False,False,
OR-F00779,Clackamas,4,Yes,AFH,Medicaid,3,0,0,0,0,0,1,False,False,False,False,False,False,False,
OR-F00041,Clackamas,4,Yes,AFH,Medicaid,1,0,0,0,0,0,1,False,False,False,False,False,False,False,
OR-F00703,Clackamas,5,Yes,AFH,Medicaid,6,0,0,0,0,0,1,False,False,False,False,False,False,False,
OR-F00218,Clackamas,16,No,NF,,8,3,1,0,0,1,1,False,False,True,True,False,True,False,
OR-F00124,Clackamas,5,No,AFH,,0,0,0,0,0,0,1,False,False,False,False,False,False,False,
OR-F00432,Clackamas,4,No,AFH,,6,1,0,0,0,0,1,False,False,False,False,False,False,False,
OR-F00336,Clackamas,16,No,"RCF, Memory Care",,7,2,3,0,0,3,2,True,False,False,True,False,True,False,
OR-F00329,Clackamas,32,Yes,"RCF, Memory Care",Medicaid,4,1,2,0,0,2,1,False,False,False,True,False,True,False,
OR-F00364,Clackamas,32,No,"RCF, Memory Care",,2,0,0,0,0,0,2,True,False,False,False,False,False,False,
OR-F00355,Clackamas,24,No,"RCF, Memory Care",,7,2,0,0,0,0,2,True,False,False,False,False,False,False,
OR-F00353,Clackamas,26,No,"RCF, Memory Care",,6,1,0,0,0,0,2,True,False,False,False,False,False,False,
OR-F00573,Clackamas,51,Yes,"RCF, Memory Care",Medicaid,6,2,1,0,0,1,2,True,False,False,True,False,True,False,
OR-F00133,Clackamas,2,No,AFH,,0,0,0,0,0,0,1,False,False,False,False,False,False,False,
OR-F00570,Clackamas,5,Yes,AFH,Medicaid,3,0,0,0,0,0,1,False,False,False,False,False,False,False,
OR-F00739,Clackamas,0,Yes,AFH,Medicaid,6,0,0,0,0,0,2,True,False,False,False,False,False,False,
OR-F00007,Clackamas,5,Yes,AFH,Medicaid,4,0,0,0,0,0,1,False,False,False,False,False,False,False,
OR-F00661,Clackamas,101,Yes,ALF,Medicaid,11,7,4,0,0,4,1,False,False,True,True,False,True,False,
OR-F00105,Clackamas,3,No,AFH,,1,0,0,0,0,0,1,False,False,False,False,False,False,False,
OR-F00054,Clackamas,5,No,AFH,,1,0,0,0,0,0,1,False,False,False,False,False,False,False,
OR-F00320,Clackamas,15,No,RCF,,3,0,0,0,0,0,1,False,False,False,False,False,False,False,
OR-F00360,Clackamas,15,Yes,"RCF, Memory Care",Medicaid,3,0,0,0,0,0,1,False,False,False,False,False,False,False,
OR-F00700,Clackamas,5,Yes,AFH,Medicaid,10,0,0,0,0,0,1,False,False,False,False,False,False,False,
OR-F00118,Clackamas,5,No,AFH,,0,0,0,0,0,0,1,False,False,False,False,False,False,False,
OR-F00662,Clackamas,79,Yes,ALF,Medicaid,7,4,6,0,0,6,1,False,False,True,True,False,True,False,
OR-F00514,Clackamas,5,Yes,AFH,Medicaid,4,0,0,0,0,0,1,False,False,False,False,False,False,False,
OR-F00001,Clackamas,5,Yes,AFH,Medicaid,2,0,0,0,0,0,1,False,False,False,False,False,False,False,
OR-F00120,Clackamas,5,Yes,AFH,Medicaid,0,0,0,0,0,0,1,False,False,False,False,False,False,False,
OR-F00302,Clackamas,75,Yes,RCF,Medicaid,4,0,1,0,0,1,1,False,False,False,True,False,True,False,
OR-F00419,Clackamas,5,Yes,AFH,Medicaid,3,0,0,0,0,0,1,False,False,False,False,False,False,False,
OR-F00515,Clackamas,5,No,AFH,,4,0,0,0,0,0,1,False,False,False,False,False,False,False,
OR-F00665,Clackamas,52,Yes,ALF,Medicaid,5,1,0,0,0,0,1,False,False,False,False,False,False,False,
OR-F00445,Clackamas,5,No,AFH,,4,0,0,0,0,0,1,False,False,False,False,False,False,False,
OR-F00498,Clackamas,5,No,AFH,,10,0,1,0,0,1,1,False,False,False,True,False,True,False,
OR-F00596,Clackamas,5,Yes,AFH,Medicaid,5,1,0,0,0,0,1,False,False,False,False,False,False,False,
OR-F00043,Clackamas,5,No,AFH,,2,0,0,0,0,0,1,False,False,False,False,False,False,False,
OR-F00307,Clackamas,16,No,RCF,,4,0,0,0,0,0,1,False,False,False,False,False,False,False,
OR-F00185,Clackamas,5,Yes,AFH,Medicaid,4,0,0,0,0,0,1,False,False,False,False,False,False,False,
OR-F00055,Clackamas,5,Yes,AFH,Medicaid,0,0,0,0,0,0,1,False,False,False,False,False,False,False,
OR-F00145,Clackamas,5,Yes,AFH,Medicaid,4,0,0,0,0,0,1,False,False,False,False,False,False,False,
OR-F00174,Clackamas,5,Yes,AFH,Medicaid,7,0,0,0,0,0,1,False,False,False,False,False,False,False,
OR-F00264,Clackamas,5,Yes,AFH,Medicaid,5,0,0,0,0,0,1,False,False,False,False,False,False,False,
OR-F00555,Clackamas,5,Yes,AFH,Medicaid,7,0,0,0,0,0,1,False,False,False,False,False,False,False,
OR-F00479,Clackamas,3,No,AFH,,3,0,0,0,0,0,1,False,False,False,False,False,False,False,
OR-F00034,Clackamas,5,Yes,AFH,Medicaid,4,1,0,0,0,0,1,False,False,False,False,False,False,False,
OR-F00696,Clackamas,5,Yes,AFH,Medicaid,3,0,0,0,0,0,1,False,False,False,False,False,False,False,
OR-F00182,Clackamas,5,Yes,AFH,Medicaid,2,0,0,0,0,0,1,False,False,False,False,False,False,False,
OR-F00255,Clackamas,5,Yes,AFH,Medicaid,6,1,0,0,0,0,1,False,False,False,False,False,False,False,
OR-F00688,Clackamas,5,Yes,AFH,Medicaid,7,0,0,0,0,0,1,False,False,False,False,False,False,False,
OR-F00272,Clackamas,1,Yes,AFH,Medicaid,8,0,1,0,0,1,1,False,False,False,True,False,True,False,
OR-F00653,Clackamas,56,No,ALF,,3,0,0,0,0,0,1,False,False,False,False,False,False,False,
OR-F00098,Clackamas,5,No,AFH,,0,0,0,0,0,0,1,False,False,False,False,False,False,False,
OR-F00188,Clackamas,5,Yes,AFH,Medicaid,4,0,0,0,0,0,1,False,False,False,False,False,False,False,
OR-F00513,Clackamas,5,No,AFH,,9,0,2,0,0,2,1,False,False,False,True,False,True,False,
OR-F00003,Clackamas,5,No,AFH,,3,1,0,0,0,0,1,False,False,False,False,False,False,False,
OR-F00361,Clackamas,16,No,RCF,,2,0,0,0,0,0,1,False,False,False,False,False,False,False,
OR-F00106,Clackamas,5,No,AFH,,0,0,0,0,0,0,1,False,False,False,False,False,False,False,
OR-F00103,Clackamas,5,Yes,AFH,Medicaid,1,0,0,0,0,0,1,False,False,False,False,False,False,False,
OR-F00221,Clackamas,5,Yes,AFH,Medicaid,5,0,0,0,0,0,1,False,False,False,False,False,False,False,
OR-F00117,Clackamas,5,No,AFH,,0,0,0,0,0,0,1,False,False,False,False,False,False,False,
OR-F00408,Clackamas,3,Yes,AFH,Medicaid,3,0,0,0,0,0,1,False,False,False,False,False,False,False,
OR-F00383,Clackamas,5,No,AFH,,3,0,0,0,0,0,1,False,False,False,False,False,False,False,
OR-F00427,Clackamas,5,No,AFH,,6,0,0,0,0,0,1,False,False,False,False,False,False,False,
OR-F00380,Clackamas,5,Yes,AFH,Medicaid,6,0,0,0,0,0,1,False,False,False,False,False,False,False,
OR-F00457,Clackamas,5,No,AFH,,4,0,0,0,0,0,1,False,False,False,False,False,False,False,
OR-F00399,Clackamas,5,No,AFH,,5,0,0,0,0,0,2,True,False,False,False,False,False,False,
OR-F00446,Clackamas,5,No,AFH,,5,0,0,0,0,0,2,True,False,False,False,False,False,False,
OR-F00395,Clackamas,5,Yes,AFH,Medicaid,5,0,0,0,0,0,1,False,False,False,False,False,False,False,
OR-F00135,Clackamas,5,No,AFH,,0,0,0,0,0,0,1,False,False,False,False,False,False,False,
OR-F00379,Clackamas,5,No,AFH,,5,0,0,0,0,0,1,False,False,False,False,False,False,False,
OR-F00687,Clackamas,5,No,AFH,,5,0,0,0,0,0,1,False,False,False,False,False,False,False,
OR-F00401,Clackamas,5,Yes,AFH,Medicaid,7,0,0,0,0,0,1,False,False,False,False,False,False,False,
OR-F00210,Clackamas,5,Yes,AFH,Medicaid,4,0,0,0,0,0,2,True,False,False,False,False,False,False,
OR-F00111,Clackamas,5,No,AFH,,1,0,0,0,0,0,2,True,False,False,False,False,False,False,
OR-F00491,Clackamas,5,Yes,AFH,Medicaid,3,0,0,0,0,0,1,False,False,False,False,False,False,False,
OR-F00755,Clackamas,5,Yes,AFH,Medicaid,6,0,0,0,0,0,1,False,False,False,False,False,False,False,
OR-F00693,Clackamas,5,Yes,AFH,Medicaid,5,0,0,0,0,0,1,False,False,False,False,False,False,False,
OR-F00346,Clackamas,30,No,"RCF, Memory Care",,2,0,0,0,0,0,1,False,False,False,False,False,False,False,
OR-F00391,Clackamas,5,Yes,AFH,Medicaid,8,1,1,0,0,1,1,False,False,False,True,False,True,False,
OR-F00260,Clackamas,5,Yes,AFH,Medicaid,5,0,0,0,0,0,1,False,False,False,False,False,False,False,
OR-F00374,Clackamas,5,Yes,AFH,Medicaid,3,0,0,0,0,0,1,False,False,False,False,False,False,False,
OR-F00288,Clackamas,5,Yes,AFH,Medicaid,7,0,1,0,0,1,1,False,False,False,True,False,True,False,
OR-F00249,Clackamas,5,Yes,AFH,Medicaid,3,0,0,0,0,0,1,False,False,False,False,False,False,False,
OR-F00428,Clackamas,5,Yes,AFH,Medicaid,4,0,0,0,0,0,1,False,False,False,False,False,False,False,
OR-F00337,Clackamas,52,Yes,"RCF, Memory Care",Medicaid,5,2,0,0,0,0,2,True,False,False,False,False,False,False,
OR-F00213,Clackamas,50,Yes,NF,Medicaid,16,8,0,0,0,0,1,False,False,True,False,False,False,False,
OR-F00673,Clackamas,92,Yes,ALF,Medicaid,3,1,0,0,0,0,2,True,False,False,False,False,False,False,
OR-F00356,Clackamas,24,No,"RCF, Memory Care",,2,0,0,0,0,0,2,True,False,False,False,False,False,False,
OR-F00204,Clackamas,102,Yes,"NF, Memory Care",Medicaid,9,4,0,0,0,0,1,False,False,True,False,False,False,False,
OR-F00216,Clackamas,54,Yes,NF,Medicaid,11,9,0,0,0,0,1,False,False,True,False,False,False,False,
OR-F00641,Clackamas,72,Yes,ALF,Medicaid,3,1,1,0,0,1,1,False,False,False,True,False,True,False,
OR-F00207,Clackamas,50,Yes,NF,Medicaid,9,6,1,0,0,1,1,False,False,True,True,False,True,False,
OR-F00752,Clackamas,5,No,AFH,,2,0,0,0,0,0,1,False,False,False,False,False,False,False,
OR-F00467,Clackamas,5,Yes,AFH,Medicaid,3,0,0,0,0,0,1,False,False,False,False,False,False,False,
OR-F00564,Clackamas,5,Yes,AFH,Medicaid,3,0,0,0,0,0,1,False,False,False,False,False,False,False,
OR-F00134,Clackamas,5,Yes,AFH,Medicaid,0,0,0,0,0,0,2,True,False,False,False,False,False,False,
OR-F00377,Clackamas,3,Yes,AFH,Medicaid,2,0,0,0,0,0,1,False,False,False,False,False,False,False,
OR-F00604,Clackamas,5,Yes,AFH,Medicaid,11,1,0,0,0,0,1,False,False,False,False,False,False,False,
OR-F00685,Clackamas,50,Yes,ALF,Medicaid,3,0,0,0,0,0,2,True,False,False,False,False,False,False,
OR-F00325,Clackamas,28,Yes,"RCF, Memory Care",Medicaid,5,1,5,0,0,5,2,True,False,False,True,False,True,False,
OR-F00666,Clackamas,74,Yes,ALF,Medicaid,8,4,3,0,0,3,2,True,False,True,True,False,True,False,
OR-F00143,Clackamas,5,Yes,AFH,Medicaid,4,0,0,0,0,0,1,False,False,False,False,False,False,False,
OR-F00114,Clackamas,5,No,AFH,,0,0,0,0,0,0,1,False,False,False,False,False,False,False,
OR-F00049,Clackamas,4,Yes,AFH,Medicaid,3,0,0,0,0,0,1,False,False,False,False,False,False,False,
OR-F00013,Clackamas,5,Yes,AFH,Medicaid,4,0,0,0,0,0,1,False,False,False,False,False,False,False,
OR-F00545,Clackamas,5,Yes,AFH,Medicaid,4,0,0,0,0,0,1,False,False,False,False,False,False,False,
OR-F00279,Clackamas,5,No,AFH,,6,0,0,0,0,0,1,False,False,False,False,False,False,False,
OR-F00496,Clackamas,5,Yes,AFH,Medicaid,3,0,0,0,0,0,1,False,False,False,False,False,False,False,
OR-F00358,Clackamas,47,No,RCF,,5,1,1,0,0,1,1,False,False,False,True,False,True,False,
OR-F00315,Clackamas,186,No,"RCF, Memory Care",,6,3,1,0,0,1,1,False,False,True,True,False,True,False,
OR-F00436,Clackamas,5,No,AFH,,6,2,0,0,0,0,1,False,False,False,False,False,False,False,
OR-F00119,Clackamas,5,No,AFH,,0,0,0,0,0,0,1,False,False,False,False,False,False,False,
OR-F00009,Clackamas,5,No,AFH,,3,0,0,0,0,0,1,False,False,False,False,False,False,False,
OR-F00354,Clackamas,104,Yes,"RCF, Memory Care",Medicaid,7,4,2,0,0,2,1,False,False,True,True,False,True,False,
OR-F00599,Clackamas,5,Yes,AFH,Medicaid,6,0,0,0,0,0,1,False,False,False,False,False,False,False,
OR-F00452,Clackamas,5,Yes,AFH,Medicaid,5,1,0,0,0,0,1,False,False,False,False,False,False,False,
OR-F00150,Clackamas,5,Yes,AFH,Medicaid,5,1,0,0,0,0,1,False,False,False,False,False,False,False,
OR-F00525,Clackamas,5,No,AFH,,4,0,0,0,0,0,1,False,False,False,False,False,False,False,
OR-F00061,Clackamas,5,Yes,AFH,Medicaid,0,0,0,0,0,0,1,False,False,False,False,False,False,False,
OR-F00517,Clackamas,5,No,AFH,,3,0,0,0,0,0,1,False,False,False,False,False,False,False,
OR-F00235,Clackamas,5,Yes,AFH,Medicaid,7,1,1,0,0,1,1,False,False,False,True,False,True,False,
OR-F00369,Clackamas,5,Yes,AFH,Medicaid,6,1,0,0,0,0,1,False,False,False,False,False,False,False,
OR-F00004,Clackamas,5,Yes,AFH,Medicaid,4,0,0,0,0,0,1,False,False,False,False,False,False,False,
OR-F00381,Clackamas,4,Yes,AFH,Medicaid,6,0,0,0,0,0,1,False,False,False,False,False,False,False,
OR-F00048,Clackamas,5,No,AFH,,0,0,0,0,0,0,1,False,False,False,False,False,False,False,
OR-F00096,Clackamas,5,No,AFH,,1,0,0,0,0,0,1,False,False,False,False,False,False,False,
OR-F00322,Clackamas,31,Yes,"RCF, Memory Care",Medicaid,4,2,1,0,0,1,2,True,False,False,True,False,True,False,
OR-F00644,Clackamas,79,No,ALF,,7,3,1,0,0,1,1,False,False,True,True,False,True,False,
OR-F00035,Clackamas,5,Yes,AFH,Medicaid,0,0,0,0,0,0,1,False,False,False,False,False,False,False,
OR-F00280,Clackamas,4,Yes,AFH,Medicaid,7,1,0,0,0,0,1,False,False,False,False,False,False,False,
OR-F00458,Clackamas,3,No,AFH,,6,0,0,0,0,0,1,False,False,False,False,False,False,False,
OR-F00121,Clackamas,5,No,AFH,,0,0,0,0,0,0,1,False,False,False,False,False,False,False,
OR-F00284,Clackamas,5,Yes,AFH,Medicaid,3,0,1,0,0,1,1,False,False,False,True,False,True,False,
OR-F00676,Clackamas,61,Yes,ALF,Medicaid,9,5,3,0,0,3,2,True,False,True,True,False,True,False,
OR-F00324,Clackamas,12,Yes,"RCF, Memory Care",Medicaid,5,1,0,0,0,0,2,True,False,False,False,False,False,False,
OR-F00461,Clackamas,5,Yes,AFH,Medicaid,6,0,0,0,0,0,1,False,False,False,False,False,False,False,
OR-F00678,Clackamas,68,Yes,ALF,Medicaid,6,3,1,0,0,1,1,False,False,True,True,False,True,False,
OR-F00441,Clackamas,5,Yes,AFH,Medicaid,6,0,0,0,0,0,1,False,False,False,False,False,False,False,
OR-F00668,Clackamas,29,Yes,ALF,Medicaid,8,4,5,0,0,5,1,False,False,True,True,False,True,False,
OR-F00080,Clackamas,5,Yes,AFH,Medicaid,2,0,0,0,0,0,1,False,False,False,False,False,False,False,
OR-F00094,Clackamas,5,No,AFH,,0,0,0,0,0,0,1,False,False,False,False,False,False,False,
OR-F00008,Clackamas,5,No,AFH,,2,0,0,0,0,0,1,False,False,False,False,False,False,False,
OR-F00349,Clackamas,54,Yes,"RCF, Memory Care",Medicaid,7,3,1,0,0,1,1,False,False,True,True,False,True,False,
OR-F00205,Clackamas,53,Yes,NF,Medicaid,17,9,0,0,0,0,1,False,False,True,False,False,False,False,
OR-F00136,Clackamas,5,No,AFH,,6,0,0,0,0,0,1,False,False,False,False,False,False,False,
OR-F00214,Clackamas,71,Yes,NF,Medicaid,14,9,0,0,0,0,1,False,False,True,False,False,False,False,
OR-F00308,Clackamas,70,Yes,"RCF, Memory Care",Medicaid,6,3,1,0,0,1,1,False,False,True,True,False,True,False,
OR-F00475,Clackamas,5,Yes,AFH,Medicaid,7,0,1,0,0,1,1,False,False,False,True,False,True,False,
OR-F00580,Clackamas,5,Yes,AFH,Medicaid,5,1,0,0,0,0,1,False,False,False,False,False,False,False,
OR-F00647,Clackamas,64,No,ALF,,6,1,2,0,0,2,2,True,False,False,True,False,True,False,
OR-F00333,Clackamas,28,No,"RCF, Memory Care",,8,3,2,0,0,2,2,True,False,True,True,False,True,False,
OR-F00226,Clackamas,5,Yes,AFH,Medicaid,8,2,0,0,0,0,2,True,False,False,False,False,False,False,
OR-F00740,Clackamas,5,Yes,AFH,Medicaid,5,0,0,0,0,0,1,False,False,False,False,False,False,False,
OR-F00078,Clackamas,5,No,AFH,,0,0,0,0,0,0,1,False,False,False,False,False,False,False,
OR-F00045,Clackamas,5,Yes,AFH,Medicaid,0,0,0,0,0,0,1,False,False,False,False,False,False,False,
OR-F00744,Clackamas,5,Yes,AFH,Medicaid,2,0,0,0,0,0,1,False,False,False,False,False,False,False,
OR-F00069,Clackamas,5,No,AFH,,0,0,0,0,0,0,1,False,False,False,False,False,False,False,
OR-F00389,Clackamas,5,No,AFH,,3,0,0,0,0,0,1,False,False,False,False,False,False,False,
OR-F00637,Clackamas,100,Yes,ALF,Medicaid,6,1,1,0,0,1,1,False,False,False,True,False,True,False,
OR-F00640,Clackamas,85,No,ALF,,6,0,0,0,0,0,2,True,False,False,False,False,False,False,
OR-F00317,Clackamas,16,No,"RCF, Memory Care",,5,0,0,0,0,0,2,True,False,False,False,False,False,False,
OR-F00675,Clackamas,58,Yes,ALF,Medicaid,3,0,0,0,0,0,1,False,False,False,False,False,False,False,
OR-F00215,Clackamas,96,Yes,NF,Medicaid,19,14,0,0,0,0,1,False,False,True,False,False,False,False,
OR-F00487,Clackamas,1,Yes,AFH,Medicaid,3,0,0,0,0,0,1,False,False,False,False,False,False,False,
OR-F00157,Clackamas,5,No,AFH,,6,0,0,0,0,0,1,False,False,False,False,False,False,False,
OR-F00342,Clackamas,72,Yes,"RCF, Memory Care",Medicaid,10,5,2,0,0,2,1,False,False,True,True,False,True,False,
OR-F00031,Clackamas,3,Yes,AFH,Medicaid,2,0,0,0,0,0,1,False,False,False,False,False,False,False,
OR-F00718,Clackamas,4,Yes,AFH,Medicaid,3,0,0,0,0,0,1,False,False,False,False,False,False,False,
OR-F00671,Clackamas,72,Yes,ALF,Medicaid,7,2,5,0,0,5,2,True,False,False,True,False,True,False,
OR-F00327,Clackamas,52,Yes,"RCF, Memory Care",Medicaid,8,3,5,0,0,5,2,True,False,True,True,False,True,False,
OR-F00612,Clackamas,5,Yes,AFH,Medicaid,3,0,0,0,0,0,1,False,False,False,False,False,False,False,
OR-F00623,Clackamas,4,Yes,AFH,Medicaid,4,0,0,0,0,0,1,False,False,False,False,False,False,False,
OR-F00758,Clackamas,5,No,AFH,,4,1,1,0,0,1,1,False,False,False,True,False,True,False,
OR-F00056,Clackamas,5,No,AFH,,0,0,0,0,0,0,2,True,False,False,False,False,False,False,
OR-F00415,Clackamas,5,Yes,AFH,Medicaid,3,0,0,0,0,0,2,True,False,False,False,False,False,False,
OR-F00526,Clackamas,5,No,AFH,,3,0,0,0,0,0,1,False,False,False,False,False,False,False,
OR-F00063,Clackamas,5,No,AFH,,0,0,0,0,0,0,1,False,False,False,False,False,False,False,
OR-F00672,Clackamas,87,No,ALF,,4,1,0,0,0,0,1,False,False,False,False,False,False,False,
OR-F00217,Clackamas,74,Yes,NF,Medicaid,9,7,0,0,0,0,2,True,False,True,False,False,False,False,
OR-F00630,Clackamas,21,No,ALF,,7,1,0,0,0,0,2,True,False,False,False,False,False,False,
OR-F00363,Clackamas,92,No,ALF,,2,0,0,0,0,0,2,True,False,False,False,False,False,False,
OR-F00654,Clackamas,97,No,ALF,,6,2,0,0,0,0,2,True,False,False,False,False,False,False,
OR-F00655,Clackamas,77,No,ALF,,6,2,1,0,0,1,2,True,False,False,True,False,True,False,
OR-F00632,Clackamas,85,Yes,ALF,Medicaid,5,1,1,0,0,1,2,True,False,False,True,False,True,False,
OR-F00645,Clackamas,16,No,ALF,,5,0,0,0,0,0,1,False,False,False,False,False,False,False,
OR-F00384,Clackamas,5,Yes,AFH,Medicaid,3,0,0,0,0,0,1,False,False,False,False,False,False,False,
OR-F00091,Clackamas,5,Yes,AFH,Medicaid,2,0,0,0,0,0,1,False,False,False,False,False,False,False,
OR-F00011,Clackamas,5,Yes,AFH,Medicaid,3,0,0,0,0,0,1,False,False,False,False,False,False,False,
OR-F00129,Clackamas,3,No,AFH,,0,0,0,0,0,0,1,False,False,False,False,False,False,False,
OR-F00352,Clackamas,15,Yes,RCF,Medicaid,3,0,1,0,0,1,1,False,False,False,True,False,True,False,
OR-F00473,Clackamas,5,Yes,AFH,Medicaid,4,0,0,0,0,0,1,False,False,False,False,False,False,False,
OR-F00418,Clackamas,5,No,AFH,,3,0,0,0,0,0,1,False,False,False,False,False,False,False,
OR-F00002,Clackamas,1,No,AFH,,1,0,0,0,0,0,1,False,False,False,False,False,False,False,
OR-F00012,Clackamas,5,No,AFH,,0,0,0,0,0,0,1,False,False,False,False,False,False,False,
OR-F00735,Clackamas,5,Yes,AFH,Medicaid,3,0,0,0,0,0,1,False,False,False,False,False,False,False,
OR-F00036,Clackamas,5,Yes,AFH,Medicaid,14,2,1,0,0,1,1,False,False,False,True,False,True,False,
OR-F00753,Clackamas,5,Yes,AFH,Medicaid,3,0,0,0,0,0,1,False,False,False,False,False,False,False,
OR-F00200,Clackamas,7,No,NF,,5,1,0,0,0,0,1,False,False,False,False,False,False,False,
OR-F00309,Clackamas,21,No,"RCF, Memory Care",,3,0,0,0,0,0,2,True,False,False,False,False,False,False,
OR-F00634,Clackamas,50,No,ALF,,2,0,0,0,0,0,2,True,False,False,False,False,False,False,
OR-F00306,Clackamas,47,No,RCF,,2,0,0,0,0,0,1,False,False,False,False,False,False,False,
OR-F00231,Clackamas,5,Yes,AFH,Medicaid,5,0,0,0,0,0,1,False,False,False,False,False,False,False,
OR-F00017,Clackamas,5,Yes,AFH,Medicaid,2,0,0,0,0,0,1,False,False,False,False,False,False,False,
OR-F00196,Clackamas,92,Yes,NF,Medicaid,25,18,2,0,0,2,1,False,False,True,True,False,True,False,
OR-F00589,Clackamas,5,Yes,AFH,Medicaid,3,0,0,0,0,0,1,False,False,False,False,False,False,False,
OR-F00052,Clackamas,5,No,AFH,,2,0,0,0,0,0,2,True,False,False,False,False,False,False,
OR-F00410,Clackamas,5,Yes,AFH,Medicaid,7,0,0,0,0,0,1,False,False,False,False,False,False,False,
OR-F00037,Clackamas,5,Yes,AFH,Medicaid,2,0,0,0,0,0,1,False,False,False,False,False,False,False,
