facility_id,License_Status,County,Licensed_Capacity,Specialty,Contract,RCS_Region_Unit,Has_Public_Reports,DateAccessed,Medicaid_Contract_Flag,n_inspections,n_investigations,n_enforcement,n_limitations,n_civil_fines,n_stop_placement,n_conditions,n_docs_total,latest_year,latest_enforcement_year,addr_shared_count,phone_shared_count,cluster_id
OR-F00509,Open,Washington,5,AFH,Medicaid,,,2026-07-06,Yes,3,1,0,3,0,0,0,6,,,1,1,
OR-F00083,Open,Washington,5,AFH,Medicaid,,,2026-07-06,Yes,0,0,0,0,0,0,0,0,,,1,1,
OR-F00768,Open,Washington,4,AFH,Medicaid,,,2026-07-06,Yes,3,0,0,1,0,0,0,4,,,1,1,
OR-F00240,Open,Washington,5,AFH,Medicaid,,,2026-07-06,Yes,3,0,0,2,0,0,0,5,,,1,1,
OR-F00767,Open,Washington,5,AFH,Medicaid,,,2026-07-06,Yes,4,0,1,4,0,0,1,9,,,1,1,
OR-F00228,Open,Washington,5,AFH,Medicaid,,,2026-07-06,Yes,5,1,0,3,0,0,0,8,,,1,1,
OR-F00453,Open,Washington,5,AFH,Medicaid,,,2026-07-06,Yes,3,0,0,7,0,0,0,10,,,1,1,
OR-F00289,Open,Washington,5,AFH,Medicaid,,,2026-07-06,Yes,3,0,0,2,0,0,0,5,,,1,1,
OR-F00173,Open,Washington,3,AFH,Medicaid,,,2026-07-06,Yes,4,0,0,0,0,0,0,4,,,1,1,
OR-F00561,Open,Washington,5,AFH,,,,2026-07-06,No/Unknown,3,0,1,1,0,0,1,5,,,1,1,
OR-F00553,Open,Washington,5,AFH,Medicaid,,,2026-07-06,Yes,4,1,0,9,0,0,0,13,,,1,1,
OR-F00762,Open,Washington,5,AFH,Medicaid,,,2026-07-06,Yes,2,0,0,3,0,0,0,5,,,1,1,
OR-F00141,Open,Washington,5,AFH,,,,2026-07-06,No/Unknown,3,0,0,0,0,0,0,3,,,1,1,
OR-F00108,Open,Washington,3,AFH,,,,2026-07-06,No/Unknown,0,0,0,0,0,0,0,0,,,1,1,
OR-F00710,Open,Washington,5,AFH,,,,2026-07-06,No/Unknown,3,1,0,1,0,0,0,4,,,1,1,
OR-F00532,Open,Washington,5,AFH,Medicaid,,,2026-07-06,Yes,5,0,1,4,0,0,1,10,,,1,1,
OR-F00079,Open,Washington,5,AFH,,,,2026-07-06,No/Unknown,0,0,0,0,0,0,0,0,,,1,1,
OR-F00626,Open,Washington,5,AFH,,,,2026-07-06,No/Unknown,3,0,0,1,0,0,0,4,,,1,1,
OR-F00429,Open,Washington,5,AFH,,,,2026-07-06,No/Unknown,3,0,0,1,0,0,0,4,,,1,1,
OR-F00234,Open,Washington,5,AFH,,,,2026-07-06,No/Unknown,3,0,1,1,0,0,1,5,,,1,1,
OR-F00615,Open,Washington,5,AFH,,,,2026-07-06,No/Unknown,3,0,0,2,0,0,0,5,,,1,1,
OR-F00736,Open,Washington,5,AFH,Medicaid,,,2026-07-06,Yes,5,0,0,3,0,0,0,8,,,1,2,OR046
OR-F00698,Open,Washington,5,AFH,Medicaid,,,2026-07-06,Yes,5,1,0,3,0,0,0,8,,,1,2,OR046
OR-F00027,Open,Washington,5,AFH,,,,2026-07-06,No/Unknown,0,0,0,0,0,0,0,0,,,1,1,
OR-F00442,Open,Washington,5,AFH,Medicaid,,,2026-07-06,Yes,3,0,0,0,0,0,0,3,,,1,1,
OR-F00516,Open,Washington,3,AFH,Medicaid,,,2026-07-06,Yes,3,0,0,0,0,0,0,3,,,1,1,
OR-F00759,Open,Washington,5,AFH,,,,2026-07-06,No/Unknown,1,0,0,0,0,0,0,1,,,1,1,
OR-F00400,Open,Washington,5,AFH,,,,2026-07-06,No/Unknown,3,0,0,0,0,0,0,3,,,1,1,
OR-F00416,Open,Washington,5,AFH,Medicaid,,,2026-07-06,Yes,6,4,0,3,0,0,0,9,,,1,1,
OR-F00621,Open,Washington,5,AFH,Medicaid,,,2026-07-06,Yes,0,0,0,0,0,0,0,0,,,1,1,
OR-F00430,Open,Washington,5,AFH,,,,2026-07-06,No/Unknown,4,0,0,3,0,0,0,7,,,1,1,
OR-F00444,Open,Washington,5,AFH,,,,2026-07-06,No/Unknown,4,1,0,4,0,0,0,8,,,1,1,
OR-F00123,Open,Washington,5,AFH,Medicaid,,,2026-07-06,Yes,0,0,0,0,0,0,0,0,,,1,1,
OR-F00470,Open,Washington,5,AFH,Medicaid,,,2026-07-06,Yes,3,0,0,0,0,0,0,3,,,1,1,
OR-F00569,Open,Washington,5,AFH,Medicaid,,,2026-07-06,Yes,1,0,0,0,0,0,0,1,,,1,1,
OR-F00144,Open,Washington,2,AFH,,,,2026-07-06,No/Unknown,1,0,0,0,0,0,0,1,,,1,1,
OR-F00090,Open,Washington,5,AFH,,,,2026-07-06,No/Unknown,0,0,0,0,0,0,0,0,,,1,1,
OR-F00711,Open,Washington,5,AFH,,,,2026-07-06,No/Unknown,7,2,0,8,0,0,0,15,,,1,1,
OR-F00619,Open,Washington,5,AFH,Medicaid,,,2026-07-06,Yes,11,5,1,13,0,0,1,25,,,1,1,
OR-F00053,Open,Washington,5,AFH,Medicaid,,,2026-07-06,Yes,0,0,0,0,0,0,0,0,,,1,1,
OR-F00748,Open,Washington,5,AFH,Medicaid,,,2026-07-06,Yes,3,0,1,1,0,0,1,5,,,1,1,
OR-F00778,Open,Washington,5,AFH,Medicaid,,,2026-07-06,Yes,1,0,0,0,0,0,0,1,,,1,1,
OR-F00716,Open,Washington,5,AFH,Medicaid,,,2026-07-06,Yes,1,0,0,0,0,0,0,1,,,1,1,
OR-F00476,Open,Washington,5,AFH,Medicaid,,,2026-07-06,Yes,3,0,0,5,0,0,0,8,,,1,1,
OR-F00139,Open,Washington,5,AFH,Medicaid,,,2026-07-06,Yes,5,3,0,7,0,0,0,12,,,1,2,OR043
OR-F00424,Open,Washington,5,AFH,Medicaid,,,2026-07-06,Yes,16,5,0,11,0,0,0,27,,,1,2,OR043
OR-F00601,Open,Washington,5,AFH,Medicaid,,,2026-07-06,Yes,5,2,0,3,0,0,0,8,,,1,1,
OR-F00541,Open,Washington,5,AFH,Medicaid,,,2026-07-06,Yes,3,0,0,0,0,0,0,3,,,1,1,
OR-F00745,Open,Washington,5,AFH,Medicaid,,,2026-07-06,Yes,0,0,0,0,0,0,0,0,,,1,1,
OR-F00588,Open,Washington,5,AFH,Medicaid,,,2026-07-06,Yes,0,0,0,0,0,0,0,0,,,1,1,
OR-F00093,Open,Washington,5,AFH,Medicaid,,,2026-07-06,Yes,0,0,0,0,0,0,0,0,,,1,1,
OR-F00178,Open,Washington,5,AFH,Medicaid,,,2026-07-06,Yes,1,0,0,1,0,0,0,2,,,1,1,
OR-F00257,Open,Washington,4,AFH,Medicaid,,,2026-07-06,Yes,7,1,1,9,0,0,1,17,,,1,1,
OR-F00193,Open,Washington,5,AFH,Medicaid,,,2026-07-06,Yes,4,0,0,3,0,0,0,7,,,1,1,
OR-F00720,Open,Washington,5,AFH,,,,2026-07-06,No/Unknown,3,0,0,1,0,0,0,4,,,1,1,
OR-F00321,Open,Washington,26,"RCF, Memory Care",Medicaid,,,2026-07-06,Yes,5,2,1,45,0,0,1,51,,,2,2,OR039
OR-F00642,Open,Washington,90,ALF,Medicaid,,,2026-07-06,Yes,5,2,0,34,0,0,0,39,,,2,2,OR039
OR-F00577,Open,Washington,24,"RCF, Memory Care",Medicaid,,,2026-07-06,Yes,3,1,1,48,0,0,1,52,,,1,2,OR040
OR-F00683,Open,Washington,75,ALF,Medicaid,,,2026-07-06,Yes,7,5,4,73,0,0,4,84,,,1,2,OR040
OR-F00667,Open,Washington,0,ALF,Medicaid,,,2026-07-06,Yes,8,5,6,148,0,0,6,162,,,1,1,
OR-F00575,Open,Washington,24,"RCF, Memory Care",Medicaid,,,2026-07-06,Yes,2,0,0,41,0,0,0,43,,,2,2,OR021
OR-F00679,Open,Washington,65,ALF,Medicaid,,,2026-07-06,Yes,3,1,0,57,0,0,0,60,,,2,2,OR021
OR-F00206,Open,Washington,87,NF,Medicaid,,,2026-07-06,Yes,0,0,0,29,0,0,0,29,,,1,1,
OR-F00195,Open,Washington,148,NF,Medicaid,,,2026-07-06,Yes,0,0,2,63,0,0,2,65,,,1,1,
OR-F00378,Open,Washington,5,AFH,Medicaid,,,2026-07-06,Yes,4,1,0,2,0,0,0,6,,,1,1,
OR-F00393,Open,Washington,5,AFH,Medicaid,,,2026-07-06,Yes,3,0,0,4,0,0,0,7,,,1,1,
OR-F00077,Open,Washington,1,AFH,Medicaid,,,2026-07-06,Yes,0,0,0,0,0,0,0,0,,,1,1,
OR-F00584,Open,Washington,1,AFH,Medicaid,,,2026-07-06,Yes,3,0,1,2,0,0,1,6,,,1,1,
OR-F00504,Open,Washington,5,AFH,Medicaid,,,2026-07-06,Yes,4,1,0,2,0,0,0,6,,,1,1,
OR-F00199,Open,Washington,104,NF,Medicaid,,,2026-07-06,Yes,0,0,1,29,0,0,1,30,,,1,1,
OR-F00455,Open,Washington,5,AFH,Medicaid,,,2026-07-06,Yes,4,0,0,7,0,0,0,11,,,1,1,
OR-F00544,Open,Washington,5,AFH,Medicaid,,,2026-07-06,Yes,3,0,0,4,0,0,0,7,,,1,1,
OR-F00112,Open,Washington,5,AFH,,,,2026-07-06,No/Unknown,0,0,0,0,0,0,0,0,,,1,1,
OR-F00766,Open,Washington,5,AFH,Medicaid,,,2026-07-06,Yes,1,0,0,0,0,0,0,1,,,1,1,
OR-F00765,Open,Washington,5,AFH,Medicaid,,,2026-07-06,Yes,2,0,0,1,0,0,0,3,,,1,1,
OR-F00566,Open,Washington,5,AFH,Medicaid,,,2026-07-06,Yes,4,0,0,1,0,0,0,5,,,1,1,
OR-F00625,Open,Washington,5,AFH,Medicaid,,,2026-07-06,Yes,3,0,0,1,0,0,0,4,,,1,1,
OR-F00247,Open,Washington,5,AFH,Medicaid,,,2026-07-06,Yes,1,0,1,0,0,0,1,2,,,1,1,
OR-F00643,Open,Washington,69,ALF,,,,2026-07-06,No/Unknown,5,3,4,42,0,0,4,51,,,2,2,OR003
OR-F00339,Open,Washington,23,"RCF, Memory Care",,,,2026-07-06,No/Unknown,3,1,1,39,0,0,1,43,,,2,2,OR003
OR-F00537,Open,Washington,4,AFH,Medicaid,,,2026-07-06,Yes,0,0,0,0,0,0,0,0,,,1,1,
OR-F00742,Open,Washington,3,AFH,Medicaid,,,2026-07-06,Yes,3,0,0,2,0,0,0,5,,,1,1,
OR-F00296,Open,Washington,60,"RCF, Memory Care",Medicaid,,,2026-07-06,Yes,7,4,5,95,0,0,5,107,,,1,1,
OR-F00351,Open,Washington,42,"RCF, Memory Care",,,,2026-07-06,No/Unknown,3,0,0,4,0,0,0,7,,,1,1,
OR-F00629,Open,Washington,105,ALF,,,,2026-07-06,No/Unknown,2,0,1,14,0,0,1,17,,,1,1,
OR-F00456,Open,Washington,1,AFH,Medicaid,,,2026-07-06,Yes,4,1,0,1,0,0,0,5,,,1,1,
OR-F00542,Open,Washington,5,AFH,Medicaid,,,2026-07-06,Yes,21,13,2,20,0,0,2,43,,,1,1,
OR-F00522,Open,Washington,5,AFH,,,,2026-07-06,No/Unknown,3,0,0,0,0,0,0,3,,,1,2,OR002
OR-F00563,Open,Washington,5,AFH,,,,2026-07-06,No/Unknown,4,0,0,1,0,0,0,5,,,1,2,OR002
OR-F00278,Open,Washington,5,AFH,,,,2026-07-06,No/Unknown,5,0,0,0,0,0,0,5,,,1,1,
OR-F00403,Open,Washington,5,AFH,Medicaid,,,2026-07-06,Yes,4,1,0,4,0,0,0,8,,,1,1,
OR-F00528,Open,Washington,5,AFH,Medicaid,,,2026-07-06,Yes,4,1,0,7,0,0,0,11,,,1,1,
OR-F00184,Open,Washington,5,AFH,Medicaid,,,2026-07-06,Yes,6,1,0,3,0,0,0,9,,,1,1,
OR-F00104,Open,Washington,5,AFH,,,,2026-07-06,No/Unknown,0,0,0,0,0,0,0,0,,,1,1,
OR-F00757,Open,Washington,5,AFH,Medicaid,,,2026-07-06,Yes,1,0,0,0,0,0,0,1,,,1,1,
OR-F00727,Open,Washington,5,AFH,Medicaid,,,2026-07-06,Yes,1,0,0,0,0,0,0,1,,,1,1,
OR-F00396,Open,Washington,5,AFH,Medicaid,,,2026-07-06,Yes,3,0,0,3,0,0,0,6,,,1,1,
OR-F00142,Open,Washington,5,AFH,Medicaid,,,2026-07-06,Yes,1,0,0,0,0,0,0,1,,,1,1,
OR-F00567,Open,Washington,5,AFH,Medicaid,,,2026-07-06,Yes,3,0,0,1,0,0,0,4,,,1,1,
OR-F00572,Open,Washington,56,"RCF, Memory Care",Medicaid,,,2026-07-06,Yes,3,0,0,73,0,0,0,76,,,1,1,
OR-F00616,Open,Washington,5,AFH,Medicaid,,,2026-07-06,Yes,1,0,0,1,0,0,0,2,,,1,1,
OR-F00512,Open,Washington,5,AFH,Medicaid,,,2026-07-06,Yes,3,0,0,2,0,0,0,5,,,1,1,
OR-F00107,Open,Washington,5,AFH,Medicaid,,,2026-07-06,Yes,0,0,0,0,0,0,0,0,,,1,1,
OR-F00140,Open,Washington,5,AFH,Medicaid,,,2026-07-06,Yes,5,2,0,4,0,0,0,9,,,1,2,OR013
OR-F00595,Open,Washington,5,AFH,Medicaid,,,2026-07-06,Yes,5,2,0,3,0,0,0,8,,,1,2,OR013
OR-F00075,Open,Washington,5,AFH,Medicaid,,,2026-07-06,Yes,0,0,0,0,0,0,0,0,,,1,1,
OR-F00366,Open,Washington,123,"RCF, Memory Care",,,,2026-07-06,No/Unknown,0,0,0,8,0,0,0,8,,,1,1,
OR-F00462,Open,Washington,2,AFH,,,,2026-07-06,No/Unknown,3,0,0,1,0,0,0,4,,,1,1,
OR-F00368,Open,Washington,107,ALF,,,,2026-07-06,No/Unknown,0,0,0,1,0,0,0,1,,,2,2,OR049
OR-F00367,Open,Washington,28,"RCF, Memory Care",,,,2026-07-06,No/Unknown,0,0,0,2,0,0,0,2,,,2,2,OR049
OR-F00464,Open,Washington,5,AFH,,,,2026-07-06,No/Unknown,3,0,0,0,0,0,0,3,,,1,1,
OR-F00707,Open,Washington,3,AFH,,,,2026-07-06,No/Unknown,2,0,0,1,0,0,0,3,,,1,1,
OR-F00658,Open,Washington,75,ALF,Medicaid,,,2026-07-06,Yes,12,10,4,63,0,0,4,79,,,1,1,
OR-F00058,Open,Washington,5,AFH,Medicaid,,,2026-07-06,Yes,0,0,0,0,0,0,0,0,,,1,1,
OR-F00232,Open,Washington,5,AFH,Medicaid,,,2026-07-06,Yes,2,0,0,2,0,0,0,4,,,1,1,
OR-F00019,Open,Washington,5,AFH,,,,2026-07-06,No/Unknown,0,0,0,0,0,0,0,0,,,1,1,
OR-F00109,Open,Washington,5,AFH,Medicaid,,,2026-07-06,Yes,0,0,0,0,0,0,0,0,,,1,1,
OR-F00581,Open,Washington,5,AFH,,,,2026-07-06,No/Unknown,3,0,0,0,0,0,0,3,,,1,1,
OR-F00158,Open,Washington,5,AFH,Medicaid,,,2026-07-06,Yes,1,0,0,0,0,0,0,1,,,1,1,
OR-F00558,Open,Washington,4,AFH,Medicaid,,,2026-07-06,Yes,3,0,0,2,0,0,0,5,,,1,1,
OR-F00086,Open,Washington,5,AFH,,,,2026-07-06,No/Unknown,0,0,0,0,0,0,0,0,,,1,1,
OR-F00481,Open,Washington,5,AFH,,,,2026-07-06,No/Unknown,3,0,0,1,0,0,0,4,,,1,1,
OR-F00076,Open,Washington,5,AFH,Medicaid,,,2026-07-06,Yes,0,0,0,0,0,0,0,0,,,1,1,
OR-F00087,Open,Washington,5,AFH,,,,2026-07-06,No/Unknown,0,0,0,0,0,0,0,0,,,1,1,
OR-F00051,Open,Washington,5,AFH,Medicaid,,,2026-07-06,Yes,0,0,0,0,0,0,0,0,,,1,1,
OR-F00273,Open,Washington,5,AFH,Medicaid,,,2026-07-06,Yes,3,0,0,6,0,0,0,9,,,1,1,
OR-F00705,Open,Washington,5,AFH,Medicaid,,,2026-07-06,Yes,3,0,0,2,0,0,0,5,,,1,1,
OR-F00073,Open,Washington,5,AFH,Medicaid,,,2026-07-06,Yes,0,0,0,0,0,0,0,0,,,1,1,
OR-F00159,Open,Washington,5,AFH,Medicaid,,,2026-07-06,Yes,6,1,0,2,0,0,0,8,,,1,1,
OR-F00404,Open,Washington,5,AFH,Medicaid,,,2026-07-06,Yes,3,0,0,3,0,0,0,6,,,1,1,
OR-F00132,Open,Washington,5,AFH,,,,2026-07-06,No/Unknown,0,0,0,0,0,0,0,0,,,1,1,
OR-F00067,Open,Washington,5,AFH,Medicaid,,,2026-07-06,Yes,0,0,0,0,0,0,0,0,,,1,1,
OR-F00782,Open,Washington,4,AFH,Medicaid,,,2026-07-06,Yes,6,1,1,1,0,0,1,8,,,1,1,
OR-F00691,Open,Washington,5,AFH,Medicaid,,,2026-07-06,Yes,1,0,0,2,0,0,0,3,,,1,1,
OR-F00390,Open,Washington,5,AFH,,,,2026-07-06,No/Unknown,24,1,6,20,0,0,6,50,,,1,1,
OR-F00540,Open,Washington,5,AFH,,,,2026-07-06,No/Unknown,3,0,0,1,0,0,0,4,,,1,1,
OR-F00373,Open,Washington,5,AFH,Medicaid,,,2026-07-06,Yes,4,0,0,2,0,0,0,6,,,1,1,
OR-F00166,Open,Washington,4,AFH,,,,2026-07-06,No/Unknown,10,2,0,11,0,0,0,21,,,1,1,
OR-F00310,Open,Washington,27,"RCF, Memory Care",Medicaid,,,2026-07-06,Yes,4,1,3,34,0,0,3,41,,,2,2,OR036
OR-F00635,Open,Washington,59,ALF,Medicaid,,,2026-07-06,Yes,3,0,1,34,0,0,1,38,,,2,2,OR036
OR-F00256,Open,Washington,5,AFH,Medicaid,,,2026-07-06,Yes,3,0,0,1,0,0,0,4,,,1,1,
OR-F00521,Open,Washington,5,AFH,Medicaid,,,2026-07-06,Yes,6,2,1,6,0,0,1,13,,,1,1,
OR-F00605,Open,Washington,5,AFH,Medicaid,,,2026-07-06,Yes,3,0,0,1,0,0,0,4,,,1,1,
OR-F00299,Open,Washington,62,"RCF, Memory Care",Medicaid,,,2026-07-06,Yes,5,2,4,12,0,0,4,21,,,1,1,
OR-F00047,Open,Washington,5,AFH,Medicaid,,,2026-07-06,Yes,0,0,0,0,0,0,0,0,,,1,1,
OR-F00397,Open,Washington,5,AFH,Medicaid,,,2026-07-06,Yes,4,0,0,2,0,0,0,6,,,1,1,
OR-F00447,Open,Washington,5,AFH,Medicaid,,,2026-07-06,Yes,7,2,0,2,0,0,0,9,,,1,1,
OR-F00095,Open,Washington,2,AFH,,,,2026-07-06,No/Unknown,0,0,0,0,0,0,0,0,,,1,1,
OR-F00081,Open,Washington,4,AFH,Medicaid,,,2026-07-06,Yes,0,0,0,0,0,0,0,0,,,1,1,
OR-F00270,Open,Washington,5,AFH,Medicaid,,,2026-07-06,Yes,6,4,0,7,0,0,0,13,,,1,1,
OR-F00177,Open,Washington,5,AFH,Medicaid,,,2026-07-06,Yes,2,0,0,1,0,0,0,3,,,1,1,
OR-F00771,Open,Washington,5,AFH,Medicaid,,,2026-07-06,Yes,2,0,0,0,0,0,0,2,,,1,1,
OR-F00624,Open,Washington,5,AFH,Medicaid,,,2026-07-06,Yes,3,0,0,3,0,0,0,6,,,1,1,
OR-F00225,Open,Washington,5,AFH,Medicaid,,,2026-07-06,Yes,4,1,0,2,0,0,0,6,,,1,1,
OR-F00265,Open,Washington,5,AFH,,,,2026-07-06,No/Unknown,3,0,0,7,0,0,0,10,,,1,1,
OR-F00586,Open,Washington,5,AFH,Medicaid,,,2026-07-06,Yes,6,3,0,9,0,0,0,15,,,1,1,
OR-F00695,Open,Washington,5,AFH,Medicaid,,,2026-07-06,Yes,0,0,0,0,0,0,0,0,,,1,1,
OR-F00229,Open,Washington,5,AFH,Medicaid,,,2026-07-06,Yes,2,0,0,0,0,0,0,2,,,1,1,
OR-F00277,Open,Washington,5,AFH,,,,2026-07-06,No/Unknown,3,0,0,0,0,0,0,3,,,1,1,
OR-F00084,Open,Washington,3,AFH,Medicaid,,,2026-07-06,Yes,0,0,0,0,0,0,0,0,,,1,1,
OR-F00267,Open,Washington,5,AFH,Medicaid,,,2026-07-06,Yes,3,0,0,4,0,0,0,7,,,1,1,
OR-F00478,Open,Washington,5,AFH,Medicaid,,,2026-07-06,Yes,6,0,0,12,0,0,0,18,,,1,1,
OR-F00741,Open,Washington,5,AFH,Medicaid,,,2026-07-06,Yes,4,2,0,1,0,0,0,5,,,1,1,
OR-F00137,Open,Washington,5,AFH,Medicaid,,,2026-07-06,Yes,0,0,0,0,0,0,0,0,,,1,1,
OR-F00749,Open,Washington,4,AFH,Medicaid,,,2026-07-06,Yes,4,0,0,2,0,0,0,6,,,1,1,
OR-F00323,Open,Washington,30,RCF,Medicaid,,,2026-07-06,Yes,4,1,0,31,0,0,0,35,,,1,5,OR029
OR-F00227,Open,Washington,5,AFH,Medicaid,,,2026-07-06,Yes,6,2,1,2,0,0,1,9,,,1,1,
OR-F00293,Open,Washington,72,"RCF, Memory Care",Medicaid,,,2026-07-06,Yes,3,0,1,48,0,0,1,52,,,1,1,
OR-F00028,Open,Washington,5,AFH,Medicaid,,,2026-07-06,Yes,0,0,0,0,0,0,0,0,,,1,1,
OR-F00417,Open,Washington,5,AFH,Medicaid,,,2026-07-06,Yes,2,0,0,3,0,0,0,5,,,1,1,
OR-F00018,Open,Washington,5,AFH,Medicaid,,,2026-07-06,Yes,0,0,0,0,0,0,0,0,,,1,1,
OR-F00146,Open,Washington,5,AFH,Medicaid,,,2026-07-06,Yes,3,0,0,1,0,0,0,4,,,1,1,
OR-F00568,Open,Washington,5,AFH,Medicaid,,,2026-07-06,Yes,1,0,0,0,0,0,0,1,,,1,1,
OR-F00406,Open,Washington,5,AFH,Medicaid,,,2026-07-06,Yes,5,1,1,15,0,0,1,21,,,1,1,
OR-F00547,Open,Washington,3,AFH,Medicaid,,,2026-07-06,Yes,3,0,0,4,0,0,0,7,,,1,1,
OR-F00316,Open,Washington,32,"RCF, Memory Care",,,,2026-07-06,No/Unknown,5,1,0,17,0,0,0,22,,,2,2,OR018
OR-F00335,Open,Washington,31,"RCF, Memory Care",Medicaid,,,2026-07-06,Yes,4,1,0,6,0,0,0,10,,,2,2,OR022
OR-F00326,Open,Washington,12,"RCF, Memory Care",,,,2026-07-06,No/Unknown,4,1,1,8,0,0,1,13,,,2,2,OR023
OR-F00660,Open,Washington,44,ALF,Medicaid,,,2026-07-06,Yes,3,0,1,12,0,0,1,16,,,1,2,OR014
OR-F00328,Open,Washington,22,"RCF, Memory Care",Medicaid,,,2026-07-06,Yes,1,0,0,23,0,0,0,24,,,1,2,OR014
OR-F00197,Open,Washington,114,NF,Medicaid,,,2026-07-06,Yes,0,0,0,77,0,0,0,77,,,1,1,
OR-F00590,Open,Washington,5,AFH,Medicaid,,,2026-07-06,Yes,3,0,0,5,0,0,0,8,,,1,1,
OR-F00783,Open,Washington,5,AFH,Medicaid,,,2026-07-06,Yes,2,1,0,0,0,0,0,2,,,1,1,
OR-F00435,Open,Washington,5,AFH,Medicaid,,,2026-07-06,Yes,3,0,0,3,0,0,0,6,,,1,1,
OR-F00411,Open,Washington,5,AFH,,,,2026-07-06,No/Unknown,3,0,0,2,0,0,0,5,,,1,1,
OR-F00266,Open,Washington,5,AFH,,,,2026-07-06,No/Unknown,2,0,0,1,0,0,0,3,,,1,1,
OR-F00712,Open,Washington,5,AFH,Medicaid,,,2026-07-06,Yes,5,1,19,2,0,0,19,26,,,1,1,
OR-F00706,Open,Washington,5,AFH,Medicaid,,,2026-07-06,Yes,1,0,0,5,0,0,0,6,,,1,1,
OR-F00211,Open,Washington,5,AFH,Medicaid,,,2026-07-06,Yes,2,0,0,0,0,0,0,2,,,1,1,
OR-F00730,Open,Washington,5,AFH,Medicaid,,,2026-07-06,Yes,3,0,0,2,0,0,0,5,,,1,1,
OR-F00543,Open,Washington,2,AFH,Medicaid,,,2026-07-06,Yes,2,0,0,0,0,0,0,2,,,1,1,
OR-F00500,Open,Washington,5,AFH,Medicaid,,,2026-07-06,Yes,3,0,0,4,0,0,0,7,,,1,1,
OR-F00597,Open,Washington,3,AFH,Medicaid,,,2026-07-06,Yes,3,0,0,3,0,0,0,6,,,1,1,
OR-F00719,Open,Washington,5,AFH,Medicaid,,,2026-07-06,Yes,5,2,0,3,0,0,0,8,,,1,1,
OR-F00253,Open,Washington,5,AFH,,,,2026-07-06,No/Unknown,2,1,0,0,0,0,0,2,,,1,1,
OR-F00099,Open,Washington,5,AFH,,,,2026-07-06,No/Unknown,0,0,0,0,0,0,0,0,,,1,1,
OR-F00777,Open,Washington,5,AFH,Medicaid,,,2026-07-06,Yes,3,0,0,1,0,0,0,4,,,1,1,
OR-F00780,Open,Washington,5,AFH,Medicaid,,,2026-07-06,Yes,5,1,0,1,0,0,0,6,,,1,1,
OR-F00439,Open,Washington,5,AFH,Medicaid,,,2026-07-06,Yes,5,1,0,3,0,0,0,8,,,1,1,
OR-F00786,Open,Washington,5,AFH,Medicaid,,,2026-07-06,Yes,1,0,0,0,0,0,0,1,,,1,1,
OR-F00571,Open,Washington,110,RCF,Medicaid,,,2026-07-06,Yes,21,20,7,154,0,0,6,182,,,1,1,
OR-F00115,Open,Washington,5,AFH,Medicaid,,,2026-07-06,Yes,0,0,0,0,0,0,0,0,,,1,1,
OR-F00689,Open,Washington,5,AFH,Medicaid,,,2026-07-06,Yes,1,0,0,0,0,0,0,1,,,1,1,
OR-F00774,Open,Washington,5,AFH,Medicaid,,,2026-07-06,Yes,3,0,0,0,0,0,0,3,,,1,1,
OR-F00781,Open,Washington,5,AFH,Medicaid,,,2026-07-06,Yes,3,0,0,1,0,0,0,4,,,1,1,
OR-F00507,Open,Washington,5,AFH,Medicaid,,,2026-07-06,Yes,3,0,0,4,0,0,0,7,,,1,1,
OR-F00518,Open,Washington,5,AFH,Medicaid,,,2026-07-06,Yes,3,0,0,0,0,0,0,3,,,1,1,
OR-F00743,Open,Washington,5,AFH,Medicaid,,,2026-07-06,Yes,0,0,0,0,0,0,0,0,,,1,1,
OR-F00511,Open,Washington,5,AFH,Medicaid,,,2026-07-06,Yes,4,1,0,3,0,0,0,7,,,1,1,
OR-F00728,Open,Washington,5,AFH,Medicaid,,,2026-07-06,Yes,3,0,0,0,0,0,0,3,,,1,1,
OR-F00244,Open,Washington,3,AFH,Medicaid,,,2026-07-06,Yes,2,0,0,7,0,0,0,9,,,1,1,
OR-F00082,Open,Washington,5,AFH,Medicaid,,,2026-07-06,Yes,0,0,0,0,0,0,0,0,,,1,1,
OR-F00203,Open,Washington,78,NF,Medicaid,,,2026-07-06,Yes,0,0,0,43,0,0,0,43,,,1,1,
OR-F00186,Open,Washington,5,AFH,Medicaid,,,2026-07-06,Yes,3,0,0,0,0,0,0,3,,,1,1,
OR-F00787,Open,Washington,5,AFH,Medicaid,,,2026-07-06,Yes,1,0,0,0,0,0,0,1,,,1,1,
OR-F00750,Open,Washington,5,AFH,Medicaid,,,2026-07-06,Yes,3,0,0,0,0,0,0,3,,,1,1,
OR-F00357,Open,Washington,90,"RCF, Memory Care",Medicaid,,,2026-07-06,Yes,3,1,1,15,0,0,1,19,,,1,1,
OR-F00714,Open,Washington,0,AFH,,,,2026-07-06,No/Unknown,0,0,0,0,0,0,0,0,,,2,1,
OR-F00287,Open,Washington,5,AFH,Medicaid,,,2026-07-06,Yes,3,0,0,2,0,0,0,5,,,1,1,
OR-F00285,Open,Washington,5,AFH,,,,2026-07-06,No/Unknown,3,0,0,1,0,0,0,4,,,1,1,
OR-F00263,Open,Washington,5,AFH,,,,2026-07-06,No/Unknown,3,0,0,4,0,0,0,7,,,1,1,
OR-F00248,Open,Washington,5,AFH,,,,2026-07-06,No/Unknown,4,0,0,2,0,0,0,6,,,1,1,
OR-F00070,Open,Washington,5,AFH,Medicaid,,,2026-07-06,Yes,0,0,0,0,0,0,0,0,,,1,1,
OR-F00505,Open,Washington,5,AFH,Medicaid,,,2026-07-06,Yes,3,0,0,3,0,0,0,6,,,1,1,
OR-F00156,Open,Washington,5,AFH,Medicaid,,,2026-07-06,Yes,1,0,0,0,0,0,0,1,,,1,1,
OR-F00587,Open,Washington,5,AFH,Medicaid,,,2026-07-06,Yes,3,0,0,1,0,0,0,4,,,1,1,
OR-F00164,Open,Washington,5,AFH,Medicaid,,,2026-07-06,Yes,9,0,1,9,0,0,1,19,,,1,1,
OR-F00608,Open,Washington,5,AFH,,,,2026-07-06,No/Unknown,0,0,0,0,0,0,0,0,,,1,1,
OR-F00562,Open,Washington,5,AFH,Medicaid,,,2026-07-06,Yes,3,0,1,0,0,0,1,4,,,1,1,
OR-F00238,Open,Washington,5,AFH,Medicaid,,,2026-07-06,Yes,8,1,1,2,0,0,1,11,,,1,1,
OR-F00538,Open,Washington,5,AFH,Medicaid,,,2026-07-06,Yes,2,0,2,10,0,0,2,14,,,1,1,
OR-F00533,Open,Washington,5,AFH,Medicaid,,,2026-07-06,Yes,2,0,0,6,0,0,0,8,,,1,1,
OR-F00534,Open,Washington,5,AFH,Medicaid,,,2026-07-06,Yes,7,2,1,13,0,0,1,21,,,1,1,
OR-F00239,Open,Washington,5,AFH,Medicaid,,,2026-07-06,Yes,4,1,0,1,0,0,0,5,,,1,1,
OR-F00556,Open,Washington,5,AFH,,,,2026-07-06,No/Unknown,5,1,0,5,0,0,0,10,,,1,1,
OR-F00633,Open,Washington,147,ALF,Medicaid,,,2026-07-06,Yes,2,0,1,15,0,0,1,18,,,2,2,OR016
OR-F00334,Open,Washington,27,"RCF, Memory Care",Medicaid,,,2026-07-06,Yes,2,0,1,9,0,0,1,12,,,2,2,OR016
OR-F00482,Open,Washington,5,AFH,Medicaid,,,2026-07-06,Yes,3,0,0,5,0,0,0,8,,,1,1,
OR-F00760,Open,Washington,5,AFH,Medicaid,,,2026-07-06,Yes,7,1,2,8,0,0,2,17,,,1,1,
OR-F00268,Open,Washington,5,AFH,,,,2026-07-06,No/Unknown,3,0,0,1,0,0,0,4,,,1,1,
OR-F00168,Open,Washington,5,AFH,Medicaid,,,2026-07-06,Yes,1,0,0,0,0,0,0,1,,,1,1,
OR-F00761,Open,Washington,5,AFH,Medicaid,,,2026-07-06,Yes,5,1,0,2,0,0,0,7,,,1,1,
OR-F00549,Open,Washington,5,AFH,Medicaid,,,2026-07-06,Yes,5,2,0,8,0,0,0,13,,,1,1,
OR-F00014,Open,Washington,5,AFH,Medicaid,,,2026-07-06,Yes,0,0,0,0,0,0,0,0,,,1,1,
OR-F00483,Open,Washington,5,AFH,Medicaid,,,2026-07-06,Yes,4,1,0,6,0,0,0,10,,,1,1,
OR-F00508,Open,Washington,5,AFH,Medicaid,,,2026-07-06,Yes,0,0,0,0,0,0,0,0,,,1,1,
OR-F00560,Open,Washington,5,AFH,Medicaid,,,2026-07-06,Yes,5,2,0,9,0,0,0,14,,,1,1,
OR-F00295,Open,Washington,64,"RCF, Memory Care",Medicaid,,,2026-07-06,Yes,5,2,3,59,0,0,3,67,,,1,1,
OR-F00529,Open,Washington,4,AFH,Medicaid,,,2026-07-06,Yes,1,0,0,0,0,0,0,1,,,1,1,
OR-F00072,Open,Washington,5,AFH,Medicaid,,,2026-07-06,Yes,0,0,0,0,0,0,0,0,,,1,1,
OR-F00756,Open,Washington,5,AFH,Medicaid,,,2026-07-06,Yes,6,3,0,5,0,0,0,11,,,1,1,
OR-F00292,Open,Washington,5,AFH,Medicaid,,,2026-07-06,Yes,4,1,0,5,0,0,0,9,,,1,1,
OR-F00510,Open,Washington,5,AFH,Medicaid,,,2026-07-06,Yes,8,5,1,1,0,0,1,10,,,1,1,
OR-F00039,Open,Washington,5,AFH,Medicaid,,,2026-07-06,Yes,0,0,0,0,0,0,0,0,,,1,1,
OR-F00033,Open,Washington,5,AFH,Medicaid,,,2026-07-06,Yes,0,0,0,0,0,0,0,0,,,1,1,
OR-F00258,Open,Washington,4,AFH,Medicaid,,,2026-07-06,Yes,11,1,1,10,0,0,1,22,,,1,1,
OR-F00620,Open,Washington,5,AFH,Medicaid,,,2026-07-06,Yes,1,0,0,0,0,0,0,1,,,1,1,
OR-F00434,Open,Washington,5,AFH,Medicaid,,,2026-07-06,Yes,3,0,0,1,0,0,0,4,,,1,1,
OR-F00454,Open,Washington,5,AFH,Medicaid,,,2026-07-06,Yes,5,1,0,1,0,0,0,6,,,1,1,
OR-F00646,Open,Washington,153,"ALF, Memory Care",,,,2026-07-06,No/Unknown,2,0,0,22,0,0,0,24,,,1,1,
OR-F00592,Open,Washington,4,AFH,Medicaid,,,2026-07-06,Yes,0,0,0,1,0,0,0,1,,,1,1,
OR-F00020,Open,Washington,5,AFH,,,,2026-07-06,No/Unknown,0,0,0,0,0,0,0,0,,,1,1,
OR-F00254,Open,Washington,4,AFH,Medicaid,,,2026-07-06,Yes,7,4,2,4,0,0,2,13,,,2,1,
OR-F00726,Open,Washington,4,AFH,Medicaid,,,2026-07-06,Yes,2,0,0,1,0,0,0,3,,,1,1,
OR-F00015,Open,Washington,2,AFH,Medicaid,,,2026-07-06,Yes,0,0,0,0,0,0,0,0,,,1,1,
OR-F00147,Open,Washington,3,AFH,Medicaid,,,2026-07-06,Yes,9,2,1,5,0,0,1,15,,,1,1,
OR-F00222,Open,Washington,5,AFH,Medicaid,,,2026-07-06,Yes,6,2,0,3,0,0,0,9,,,1,1,
OR-F00784,Open,Washington,5,AFH,Medicaid,,,2026-07-06,Yes,13,8,1,16,0,0,1,30,,,1,1,
OR-F00775,Open,Washington,4,AFH,Medicaid,,,2026-07-06,Yes,2,0,0,3,0,0,0,5,,,1,1,
OR-F00113,Open,Washington,5,AFH,Medicaid,,,2026-07-06,Yes,0,0,0,0,0,0,0,0,,,1,1,
OR-F00128,Open,Washington,5,AFH,,,,2026-07-06,No/Unknown,0,0,0,0,0,0,0,0,,,1,1,
OR-F00499,Open,Washington,5,AFH,Medicaid,,,2026-07-06,Yes,3,0,0,2,0,0,0,5,,,1,1,
OR-F00172,Open,Washington,5,AFH,Medicaid,,,2026-07-06,Yes,3,2,0,1,0,0,0,4,,,1,1,
OR-F00729,Open,Washington,5,AFH,Medicaid,,,2026-07-06,Yes,5,0,7,5,0,0,7,17,,,1,1,
OR-F00443,Open,Washington,5,AFH,Medicaid,,,2026-07-06,Yes,3,0,0,1,0,0,0,4,,,1,1,
OR-F00551,Open,Washington,5,AFH,Medicaid,,,2026-07-06,Yes,5,2,0,2,0,0,0,7,,,1,1,
OR-F00276,Open,Washington,5,AFH,,,,2026-07-06,No/Unknown,3,0,0,0,0,0,0,3,,,1,1,
OR-F00274,Open,Washington,5,AFH,Medicaid,,,2026-07-06,Yes,3,0,0,0,0,0,0,3,,,1,1,
OR-F00438,Open,Washington,5,AFH,,,,2026-07-06,No/Unknown,4,1,0,1,0,0,0,5,,,1,1,
OR-F00071,Open,Washington,5,AFH,Medicaid,,,2026-07-06,Yes,0,0,0,0,0,0,0,0,,,1,1,
OR-F00535,Open,Washington,5,AFH,Medicaid,,,2026-07-06,Yes,1,0,0,0,0,0,0,1,,,1,1,
OR-F00492,Open,Washington,5,AFH,Medicaid,,,2026-07-06,Yes,4,0,0,6,0,0,0,10,,,1,1,
OR-F00021,Open,Washington,5,AFH,Medicaid,,,2026-07-06,Yes,0,0,0,9,0,0,0,9,,,1,1,
OR-F00241,Open,Washington,3,AFH,Medicaid,,,2026-07-06,Yes,1,0,0,0,0,0,0,1,,,1,1,
OR-F00291,Open,Washington,5,AFH,Medicaid,,,2026-07-06,Yes,3,0,0,3,0,0,0,6,,,1,1,
OR-F00603,Open,Washington,5,AFH,Medicaid,,,2026-07-06,Yes,1,0,0,0,0,0,0,1,,,1,1,
OR-F00131,Open,Washington,5,AFH,,,,2026-07-06,No/Unknown,0,0,0,0,0,0,0,0,,,1,1,
OR-F00065,Open,Washington,5,AFH,Medicaid,,,2026-07-06,Yes,0,0,0,0,0,0,0,0,,,1,1,
OR-F00183,Open,Washington,5,AFH,Medicaid,,,2026-07-06,Yes,0,0,0,4,0,0,0,4,,,1,1,
OR-F00751,Open,Washington,5,AFH,,,,2026-07-06,No/Unknown,3,0,0,5,0,0,0,8,,,1,1,
OR-F00152,Open,Washington,5,AFH,Medicaid,,,2026-07-06,Yes,1,0,0,0,0,0,0,1,,,1,1,
OR-F00245,Open,Washington,5,AFH,Medicaid,,,2026-07-06,Yes,4,1,0,1,0,0,0,5,,,1,1,
OR-F00433,Open,Washington,5,AFH,Medicaid,,,2026-07-06,Yes,3,0,0,2,0,0,0,5,,,1,1,
OR-F00448,Open,Washington,5,AFH,,,,2026-07-06,No/Unknown,6,0,3,11,0,0,3,20,,,1,1,
OR-F00527,Open,Washington,5,AFH,Medicaid,,,2026-07-06,Yes,4,1,0,3,0,0,0,7,,,1,1,
OR-F00489,Open,Washington,5,AFH,Medicaid,,,2026-07-06,Yes,4,2,0,3,0,0,0,7,,,1,1,
OR-F00212,Open,Washington,39,"NF, Memory Care",Medicaid,,,2026-07-06,Yes,0,0,0,15,0,0,0,15,,,2,2,OR007
OR-F00297,Open,Washington,22,"RCF, Memory Care",Medicaid,,,2026-07-06,Yes,3,0,0,7,0,0,0,10,,,2,2,OR007
OR-F00674,Open,Washington,70,ALF,Medicaid,,,2026-07-06,Yes,2,0,0,36,0,0,0,38,,,1,1,
OR-F00202,Open,Washington,63,NF,Medicaid,,,2026-07-06,Yes,0,0,0,13,0,0,0,13,,,1,1,
OR-F00648,Open,Washington,87,ALF,Medicaid,,,2026-07-06,Yes,3,0,1,5,0,0,1,9,,,2,1,
OR-F00607,Open,Washington,5,AFH,Medicaid,,,2026-07-06,Yes,3,0,0,2,0,0,0,5,,,1,1,
OR-F00160,Open,Washington,5,AFH,Medicaid,,,2026-07-06,Yes,3,0,0,2,0,0,0,5,,,1,1,
OR-F00198,Open,Washington,165,NF,Medicaid,,,2026-07-06,Yes,0,0,1,118,0,0,1,119,,,2,2,OR027
OR-F00331,Open,Washington,16,"RCF, Memory Care",Medicaid,,,2026-07-06,Yes,2,0,1,20,0,0,1,23,,,2,2,OR027
OR-F00392,Open,Washington,5,AFH,,,,2026-07-06,No/Unknown,3,0,0,2,0,0,0,5,,,1,1,
OR-F00175,Open,Washington,5,AFH,Medicaid,,,2026-07-06,Yes,3,0,0,1,0,0,0,4,,,1,1,
OR-F00628,Open,Washington,5,AFH,Medicaid,,,2026-07-06,Yes,1,0,0,0,0,0,0,1,,,1,2,OR044
OR-F00506,Open,Washington,5,AFH,Medicaid,,,2026-07-06,Yes,6,3,0,2,0,0,0,8,,,1,2,OR044
OR-F00167,Open,Washington,5,AFH,Medicaid,,,2026-07-06,Yes,3,0,0,4,0,0,0,7,,,1,1,
OR-F00189,Open,Washington,5,AFH,Medicaid,,,2026-07-06,Yes,0,0,0,4,0,0,0,4,,,1,1,
OR-F00617,Open,Washington,3,AFH,Medicaid,,,2026-07-06,Yes,4,1,0,2,0,0,0,6,,,1,1,
OR-F00606,Open,Washington,5,AFH,Medicaid,,,2026-07-06,Yes,3,0,0,0,0,0,0,3,,,1,1,
OR-F00690,Open,Washington,4,AFH,Medicaid,,,2026-07-06,Yes,4,0,0,0,0,0,0,4,,,1,1,
OR-F00649,Open,Washington,65,ALF,,,,2026-07-06,No/Unknown,5,2,1,26,0,0,1,32,,,2,2,OR012
OR-F00341,Open,Washington,23,"RCF, Memory Care",,,,2026-07-06,No/Unknown,3,0,1,13,0,0,1,17,,,2,2,OR012
OR-F00657,Open,Washington,141,ALF,,,,2026-07-06,No/Unknown,0,0,0,0,0,0,0,0,,,1,1,
OR-F00652,Open,Washington,131,ALF,,,,2026-07-06,No/Unknown,4,1,0,6,0,0,0,10,,,1,2,OR004
OR-F00350,Open,Washington,28,"RCF, Memory Care",,,,2026-07-06,No/Unknown,3,0,2,13,0,0,2,18,,,1,2,OR004
OR-F00548,Open,Washington,5,AFH,Medicaid,,,2026-07-06,Yes,2,0,0,0,0,0,0,2,,,1,1,
OR-F00162,Open,Washington,5,AFH,Medicaid,,,2026-07-06,Yes,7,3,1,9,0,0,1,17,,,1,1,
OR-F00236,Open,Washington,5,AFH,Medicaid,,,2026-07-06,Yes,8,3,1,8,0,0,1,17,,,1,1,
OR-F00713,Open,Washington,5,AFH,Medicaid,,,2026-07-06,Yes,11,3,1,7,0,0,1,19,,,1,1,
OR-F00769,Open,Washington,5,AFH,Medicaid,,,2026-07-06,Yes,1,0,0,0,0,0,0,1,,,1,1,
OR-F00125,Open,Washington,5,AFH,Medicaid,,,2026-07-06,Yes,0,0,0,0,0,0,0,0,,,1,1,
OR-F00488,Open,Washington,1,AFH,Medicaid,,,2026-07-06,Yes,3,0,0,0,0,0,0,3,,,1,1,
OR-F00038,Open,Washington,5,AFH,Medicaid,,,2026-07-06,Yes,0,0,0,0,0,0,0,0,,,1,1,
OR-F00468,Open,Washington,5,AFH,,,,2026-07-06,No/Unknown,4,0,0,0,0,0,0,4,,,1,1,
OR-F00702,Open,Washington,5,AFH,,,,2026-07-06,No/Unknown,3,0,0,0,0,0,0,3,,,1,1,
OR-F00423,Open,Washington,5,AFH,,,,2026-07-06,No/Unknown,5,1,1,2,0,0,1,8,,,1,1,
OR-F00770,Open,Washington,5,AFH,Medicaid,,,2026-07-06,Yes,2,0,0,1,0,0,0,3,,,1,1,
OR-F00611,Open,Washington,5,AFH,Medicaid,,,2026-07-06,Yes,7,2,1,8,0,0,1,16,,,1,1,
OR-F00591,Open,Washington,5,AFH,Medicaid,,,2026-07-06,Yes,4,2,1,2,0,0,1,7,,,1,1,
OR-F00066,Open,Washington,5,AFH,Medicaid,,,2026-07-06,Yes,0,0,0,0,0,0,0,0,,,1,1,
OR-F00425,Open,Washington,5,AFH,,,,2026-07-06,No/Unknown,4,2,1,10,0,0,1,15,,,1,1,
OR-F00465,Open,Washington,5,AFH,,,,2026-07-06,No/Unknown,5,1,0,2,0,0,0,7,,,1,1,
OR-F00376,Open,Washington,5,AFH,Medicaid,,,2026-07-06,Yes,3,0,0,5,0,0,0,8,,,1,1,
OR-F00694,Open,Washington,5,AFH,,,,2026-07-06,No/Unknown,3,0,0,2,0,0,0,5,,,1,1,
OR-F00494,Open,Washington,5,AFH,,,,2026-07-06,No/Unknown,4,1,0,0,0,0,0,4,,,1,1,
OR-F00559,Open,Washington,2,AFH,,,,2026-07-06,No/Unknown,3,0,0,1,0,0,0,4,,,1,1,
OR-F00650,Open,Washington,75,ALF,,,,2026-07-06,No/Unknown,3,0,1,33,0,0,1,37,,,2,1,
OR-F00345,Open,Washington,44,"RCF, Memory Care",,,,2026-07-06,No/Unknown,5,2,2,43,0,0,2,50,,,2,1,
OR-F00127,Open,Washington,5,AFH,,,,2026-07-06,No/Unknown,0,0,0,0,0,0,0,0,,,1,1,
OR-F00343,Open,Washington,33,"RCF, Memory Care",,,,2026-07-06,No/Unknown,5,3,0,13,0,0,0,18,,,1,1,
OR-F00057,Open,Washington,5,AFH,Medicaid,,,2026-07-06,Yes,0,0,0,0,0,0,0,0,,,1,1,
OR-F00582,Open,Washington,5,AFH,Medicaid,,,2026-07-06,Yes,1,0,0,0,0,0,0,1,,,1,1,
OR-F00085,Open,Washington,5,AFH,Medicaid,,,2026-07-06,Yes,0,0,0,0,0,0,0,0,,,1,1,
OR-F00469,Open,Washington,5,AFH,Medicaid,,,2026-07-06,Yes,5,1,0,1,0,0,0,6,,,1,1,
OR-F00191,Open,Washington,5,AFH,,,,2026-07-06,No/Unknown,1,0,0,0,0,0,0,1,,,1,1,
OR-F00709,Open,Washington,4,AFH,Medicaid,,,2026-07-06,Yes,3,0,0,2,0,0,0,5,,,1,1,
OR-F00421,Open,Washington,5,AFH,Medicaid,,,2026-07-06,Yes,3,0,0,2,0,0,0,5,,,1,1,
OR-F00126,Open,Washington,5,AFH,Medicaid,,,2026-07-06,Yes,0,0,0,0,0,0,0,0,,,1,1,
OR-F00243,Open,Washington,5,AFH,,,,2026-07-06,No/Unknown,4,1,0,1,0,0,0,5,,,1,1,
OR-F00574,Open,Washington,56,"RCF, Memory Care",Medicaid,,,2026-07-06,Yes,6,4,2,84,0,0,2,92,,,1,2,OR015
OR-F00663,Open,Washington,78,ALF,Medicaid,,,2026-07-06,Yes,4,2,3,64,0,0,3,71,,,1,2,OR015
OR-F00539,Open,Washington,5,AFH,Medicaid,,,2026-07-06,Yes,5,0,0,1,0,0,0,6,,,1,1,
OR-F00764,Open,Washington,5,AFH,Medicaid,,,2026-07-06,Yes,0,0,0,0,0,0,0,0,,,1,1,
OR-F00138,Open,Washington,5,AFH,Medicaid,,,2026-07-06,Yes,0,0,0,0,0,0,0,0,,,1,1,
OR-F00708,Open,Washington,5,AFH,Medicaid,,,2026-07-06,Yes,0,0,0,4,0,0,0,4,,,1,1,
OR-F00042,Open,Washington,5,AFH,Medicaid,,,2026-07-06,Yes,0,0,0,0,0,0,0,0,,,1,1,
OR-F00732,Open,Washington,5,AFH,Medicaid,,,2026-07-06,Yes,4,0,0,1,0,0,0,5,,,1,1,
OR-F00023,Open,Washington,5,AFH,Medicaid,,,2026-07-06,Yes,0,0,0,0,0,0,0,0,,,1,1,
OR-F00165,Open,Washington,5,AFH,Medicaid,,,2026-07-06,Yes,2,0,0,0,0,0,0,2,,,1,1,
OR-F00579,Open,Washington,5,AFH,Medicaid,,,2026-07-06,Yes,3,0,0,0,0,0,0,3,,,1,1,
OR-F00068,Open,Washington,5,AFH,Medicaid,,,2026-07-06,Yes,0,0,0,0,0,0,0,0,,,1,1,
OR-F00040,Open,Washington,5,AFH,Medicaid,,,2026-07-06,Yes,0,0,0,0,0,0,0,0,,,1,1,
OR-F00414,Open,Washington,5,AFH,Medicaid,,,2026-07-06,Yes,7,5,1,15,0,0,1,23,,,1,1,
OR-F00788,Open,Washington,5,AFH,Medicaid,,,2026-07-06,Yes,3,2,0,0,0,0,0,3,,,1,1,
OR-F00252,Open,Washington,5,AFH,Medicaid,,,2026-07-06,Yes,6,1,0,1,0,0,0,7,,,1,1,
OR-F00223,Open,Washington,5,AFH,,,,2026-07-06,No/Unknown,3,0,0,0,0,0,0,3,,,1,1,
OR-F00682,Open,Washington,75,ALF,Medicaid,,,2026-07-06,Yes,10,8,5,69,0,0,5,84,,,1,1,
OR-F00677,Open,Washington,74,ALF,Medicaid,,,2026-07-06,Yes,3,0,0,38,0,0,0,41,,,1,1,
OR-F00636,Open,Washington,90,ALF,Medicaid,,,2026-07-06,Yes,5,2,0,25,0,0,0,30,,,2,2,OR010
OR-F00313,Open,Washington,21,"RCF, Memory Care",Medicaid,,,2026-07-06,Yes,4,1,0,25,0,0,0,29,,,2,2,OR010
OR-F00413,Open,Washington,5,AFH,,,,2026-07-06,No/Unknown,3,0,0,3,0,0,0,6,,,1,1,
OR-F00459,Open,Washington,5,AFH,Medicaid,,,2026-07-06,Yes,8,1,2,5,0,0,2,15,,,1,1,
OR-F00294,Open,Washington,49,"RCF, Memory Care",,,,2026-07-06,No/Unknown,4,2,2,59,0,0,2,65,,,2,2,OR008
OR-F00669,Open,Washington,118,ALF,,,,2026-07-06,No/Unknown,2,0,0,22,0,0,0,24,,,2,2,OR008
OR-F00449,Open,Washington,4,AFH,Medicaid,,,2026-07-06,Yes,3,0,0,7,0,0,0,10,,,1,1,
OR-F00163,Open,Washington,5,AFH,Medicaid,,,2026-07-06,Yes,6,3,0,1,0,0,0,7,,,1,1,
OR-F00405,Open,Washington,5,AFH,Medicaid,,,2026-07-06,Yes,1,0,2,0,0,0,2,3,,,1,1,
OR-F00600,Open,Washington,5,AFH,Medicaid,,,2026-07-06,Yes,1,0,0,1,0,0,0,2,,,1,1,
OR-F00050,Open,Washington,5,AFH,Medicaid,,,2026-07-06,Yes,0,0,0,0,0,0,0,0,,,1,1,
OR-F00062,Open,Washington,4,AFH,,,,2026-07-06,No/Unknown,0,0,0,0,0,0,0,0,,,1,1,
OR-F00024,Open,Washington,3,AFH,Medicaid,,,2026-07-06,Yes,0,0,0,0,0,0,0,0,,,1,1,
OR-F00463,Open,Washington,5,AFH,Medicaid,,,2026-07-06,Yes,4,1,0,1,0,0,0,5,,,1,1,
OR-F00480,Open,Washington,5,AFH,Medicaid,,,2026-07-06,Yes,3,0,0,0,0,0,0,3,,,1,1,
OR-F00722,Open,Washington,5,AFH,Medicaid,,,2026-07-06,Yes,5,2,0,1,0,0,0,6,,,1,2,OR020
OR-F00734,Open,Washington,5,AFH,Medicaid,,,2026-07-06,Yes,3,0,0,1,0,0,0,4,,,1,2,OR020
OR-F00520,Open,Washington,5,AFH,Medicaid,,,2026-07-06,Yes,2,0,1,2,1,0,0,5,,,1,1,
OR-F00283,Open,Washington,5,AFH,Medicaid,,,2026-07-06,Yes,2,0,1,7,0,0,1,10,,,1,1,
OR-F00314,Open,Washington,48,"RCF, Memory Care",Medicaid,,,2026-07-06,Yes,1,0,1,41,0,0,1,43,,,1,1,
OR-F00670,Open,Washington,95,ALF,Medicaid,,,2026-07-06,Yes,6,4,2,117,0,0,2,125,,,1,1,
OR-F00530,Open,Washington,4,AFH,Medicaid,,,2026-07-06,Yes,10,0,1,15,0,0,1,26,,,1,1,
OR-F00269,Open,Washington,5,AFH,Medicaid,,,2026-07-06,Yes,4,1,0,4,0,0,0,8,,,1,1,
OR-F00181,Open,Washington,5,AFH,Medicaid,,,2026-07-06,Yes,4,1,0,1,0,0,0,5,,,1,1,
OR-F00005,Open,Washington,5,AFH,Medicaid,,,2026-07-06,Yes,0,0,0,0,0,0,0,0,,,1,1,
OR-F00180,Open,Washington,5,AFH,Medicaid,,,2026-07-06,Yes,1,0,0,0,0,0,0,1,,,1,1,
OR-F00290,Open,Washington,5,AFH,Medicaid,,,2026-07-06,Yes,3,0,0,3,0,0,0,6,,,1,1,
OR-F00746,Open,Washington,3,AFH,Medicaid,,,2026-07-06,Yes,3,1,0,6,0,0,0,9,,,1,1,
OR-F00262,Open,Washington,5,AFH,Medicaid,,,2026-07-06,Yes,4,1,0,4,0,0,0,8,,,1,1,
OR-F00097,Open,Washington,3,AFH,Medicaid,,,2026-07-06,Yes,0,0,0,0,0,0,0,0,,,1,1,
OR-F00130,Open,Washington,5,AFH,,,,2026-07-06,No/Unknown,0,0,0,0,0,0,0,0,,,1,1,
OR-F00305,Open,Washington,71,RCF,,,,2026-07-06,No/Unknown,0,0,0,0,0,0,0,0,,,1,1,
OR-F00209,Open,Washington,5,AFH,,,,2026-07-06,No/Unknown,1,0,0,0,0,0,0,1,,,1,1,
OR-F00148,Open,Washington,5,AFH,Medicaid,,,2026-07-06,Yes,3,0,0,1,0,0,0,4,,,1,1,
OR-F00501,Open,Washington,5,AFH,,,,2026-07-06,No/Unknown,3,0,0,4,0,0,0,7,,,1,1,
OR-F00502,Open,Washington,5,AFH,,,,2026-07-06,No/Unknown,3,0,0,3,0,0,0,6,,,1,1,
OR-F00259,Open,Washington,5,AFH,,,,2026-07-06,No/Unknown,6,2,0,0,0,0,0,6,,,1,1,
OR-F00412,Open,Washington,5,AFH,Medicaid,,,2026-07-06,Yes,7,0,1,7,0,0,1,15,,,1,1,
OR-F00426,Open,Washington,3,AFH,Medicaid,,,2026-07-06,Yes,3,0,0,0,0,0,0,3,,,1,1,
OR-F00271,Open,Washington,4,AFH,Medicaid,,,2026-07-06,Yes,0,0,0,0,0,0,0,0,,,1,1,
OR-F00622,Open,Washington,4,AFH,Medicaid,,,2026-07-06,Yes,1,0,0,1,0,0,0,2,,,1,1,
OR-F00064,Open,Washington,5,AFH,Medicaid,,,2026-07-06,Yes,0,0,0,0,0,0,0,0,,,1,1,
OR-F00370,Open,Washington,3,AFH,Medicaid,,,2026-07-06,Yes,3,0,0,3,0,0,0,6,,,1,1,
OR-F00686,Open,Washington,84,ALF,,,,2026-07-06,No/Unknown,3,0,0,30,0,0,0,33,,,2,2,OR023
OR-F00192,Open,Washington,5,AFH,Medicaid,,,2026-07-06,Yes,3,0,0,4,0,0,0,7,,,1,1,
OR-F00471,Open,Washington,1,AFH,Medicaid,,,2026-07-06,Yes,3,0,0,4,0,0,0,7,,,1,1,
OR-F00523,Open,Washington,5,AFH,,,,2026-07-06,No/Unknown,4,1,0,4,0,0,0,8,,,1,1,
OR-F00151,Open,Washington,5,AFH,,,,2026-07-06,No/Unknown,1,0,0,0,0,0,0,1,,,1,1,
OR-F00022,Open,Washington,5,AFH,,,,2026-07-06,No/Unknown,0,0,0,0,0,0,0,0,,,1,1,
OR-F00692,Open,Washington,5,AFH,Medicaid,,,2026-07-06,Yes,4,1,0,2,0,0,0,6,,,1,1,
OR-F00585,Open,Washington,5,AFH,Medicaid,,,2026-07-06,Yes,9,0,1,1,0,0,1,11,,,1,1,
OR-F00747,Open,Washington,5,AFH,,,,2026-07-06,No/Unknown,6,1,0,3,0,0,0,9,,,1,1,
OR-F00110,Open,Washington,4,AFH,Medicaid,,,2026-07-06,Yes,0,0,0,0,0,0,0,0,,,1,1,
OR-F00250,Open,Washington,3,AFH,,,,2026-07-06,No/Unknown,3,0,0,3,0,0,0,6,,,1,1,
OR-F00386,Open,Washington,5,AFH,,,,2026-07-06,No/Unknown,3,0,0,3,0,0,0,6,,,1,1,
OR-F00715,Open,Washington,5,AFH,Medicaid,,,2026-07-06,Yes,2,0,0,0,0,0,0,2,,,1,1,
OR-F00613,Open,Washington,5,AFH,Medicaid,,,2026-07-06,Yes,3,1,0,1,0,0,0,4,,,1,1,
OR-F00724,Open,Washington,5,AFH,Medicaid,,,2026-07-06,Yes,13,5,1,5,0,0,1,19,,,1,1,
OR-F00554,Open,Washington,5,AFH,Medicaid,,,2026-07-06,Yes,1,0,0,0,0,0,0,1,,,1,1,
OR-F00651,Open,Washington,95,ALF,,,,2026-07-06,No/Unknown,3,0,0,3,0,0,0,6,,,2,2,OR009
OR-F00656,Open,Washington,135,ALF,,,,2026-07-06,No/Unknown,1,0,0,7,0,0,0,8,,,1,2,OR042
OR-F00365,Open,Washington,28,"RCF, Memory Care",,,,2026-07-06,No/Unknown,1,0,0,7,0,0,0,8,,,1,2,OR042
OR-F00347,Open,Washington,30,"RCF, Memory Care",,,,2026-07-06,No/Unknown,4,1,0,17,0,0,0,21,,,2,2,OR009
OR-F00664,Open,Washington,75,ALF,,,,2026-07-06,No/Unknown,3,0,0,15,0,0,0,18,,,1,1,
OR-F00638,Open,Washington,80,ALF,,,,2026-07-06,No/Unknown,5,1,0,10,0,0,0,15,,,2,2,OR018
OR-F00639,Open,Washington,69,ALF,Medicaid,,,2026-07-06,Yes,3,0,0,16,0,0,0,19,,,2,2,OR022
OR-F00149,Open,Washington,5,AFH,Medicaid,,,2026-07-06,Yes,1,0,0,0,0,0,0,1,,,1,1,
OR-F00161,Open,Washington,5,AFH,Medicaid,,,2026-07-06,Yes,4,1,0,8,0,0,0,12,,,1,1,
OR-F00219,Open,Washington,112,NF,Medicaid,,,2026-07-06,Yes,0,0,3,93,0,0,3,96,,,1,1,
OR-F00598,Open,Washington,5,AFH,Medicaid,,,2026-07-06,Yes,4,1,0,2,0,0,0,6,,,1,1,
OR-F00116,Open,Washington,4,AFH,Medicaid,,,2026-07-06,Yes,0,0,0,0,0,0,0,0,,,1,1,
OR-F00344,Open,Washington,155,"RCF, Memory Care",,,,2026-07-06,No/Unknown,3,1,1,38,0,0,1,42,,,1,1,
OR-F00701,Open,Washington,5,AFH,Medicaid,,,2026-07-06,Yes,1,0,0,0,0,0,0,1,,,1,1,
OR-F00602,Open,Washington,5,AFH,Medicaid,,,2026-07-06,Yes,6,1,0,1,0,0,0,7,,,1,1,
OR-F00388,Open,Washington,5,AFH,Medicaid,,,2026-07-06,Yes,4,0,1,6,0,0,1,11,,,1,1,
OR-F00176,Open,Washington,5,AFH,Medicaid,,,2026-07-06,Yes,4,0,0,1,0,0,0,5,,,1,1,
OR-F00122,Open,Washington,5,AFH,Medicaid,,,2026-07-06,Yes,0,0,0,0,0,0,0,0,,,1,1,
OR-F00578,Open,Washington,5,AFH,Medicaid,,,2026-07-06,Yes,1,0,0,0,0,0,0,1,,,1,1,
OR-F00614,Open,Washington,5,AFH,Medicaid,,,2026-07-06,Yes,0,0,0,0,0,0,0,0,,,1,1,
OR-F00420,Open,Washington,4,AFH,Medicaid,,,2026-07-06,Yes,4,0,1,7,0,0,1,12,,,1,1,
OR-F00552,Open,Washington,5,AFH,,,,2026-07-06,No/Unknown,3,0,0,2,0,0,0,5,,,1,1,
OR-F00531,Open,Washington,5,AFH,Medicaid,,,2026-07-06,Yes,4,0,0,16,0,0,0,20,,,1,1,
OR-F00776,Open,Washington,5,AFH,Medicaid,,,2026-07-06,Yes,1,0,0,0,0,0,0,1,,,1,1,
OR-F00332,Open,Washington,48,"RCF, Memory Care",Medicaid,,,2026-07-06,Yes,4,2,3,105,0,0,3,112,,,1,1,
OR-F00340,Open,Washington,68,"RCF, Memory Care",Medicaid,,,2026-07-06,Yes,15,12,2,185,0,0,2,202,,,1,1,
OR-F00089,Open,Washington,4,AFH,Medicaid,,,2026-07-06,Yes,0,0,0,0,0,0,0,0,,,1,1,
OR-F00772,Open,Washington,3,AFH,Medicaid,,,2026-07-06,Yes,3,0,0,5,0,0,0,8,,,1,1,
OR-F00684,Open,Washington,55,ALF,Medicaid,,,2026-07-06,Yes,2,0,1,19,0,0,1,22,,,1,1,
OR-F00754,Open,Washington,2,AFH,Medicaid,,,2026-07-06,Yes,0,0,0,0,0,0,0,0,,,1,1,
OR-F00220,Open,Washington,5,AFH,Medicaid,,,2026-07-06,Yes,3,0,0,0,0,0,0,3,,,1,1,
OR-F00497,Open,Washington,5,AFH,Medicaid,,,2026-07-06,Yes,2,0,0,3,0,0,0,5,,,1,1,
OR-F00697,Open,Washington,5,AFH,Medicaid,,,2026-07-06,Yes,3,0,0,2,0,0,0,5,,,1,1,
OR-F00785,Open,Washington,5,AFH,,,,2026-07-06,No/Unknown,0,0,0,3,0,0,0,3,,,1,1,
OR-F00060,Open,Washington,5,AFH,Medicaid,,,2026-07-06,Yes,0,0,0,0,0,0,0,0,,,1,1,
OR-F00407,Open,Washington,5,AFH,Medicaid,,,2026-07-06,Yes,3,0,0,2,0,0,0,5,,,1,1,
OR-F00583,Open,Washington,5,AFH,Medicaid,,,2026-07-06,Yes,0,0,0,0,0,0,0,0,,,1,1,
OR-F00032,Open,Clackamas,5,AFH,,,,2026-07-12,No,1,0,0,2,0,0,0,3,,,1,1,
OR-F00026,Open,Clackamas,5,AFH,Medicaid,,,2026-07-12,Yes,1,0,0,0,0,0,0,1,,,1,1,
OR-F00733,Open,Clackamas,5,AFH,,,,2026-07-12,No,4,0,0,0,0,0,0,4,,,1,1,
OR-F00237,Open,Clackamas,5,AFH,Medicaid,,,2026-07-12,Yes,6,0,0,3,0,0,0,9,,,1,1,
OR-F00006,Open,Clackamas,4,AFH,Medicaid,,,2026-07-12,Yes,3,0,0,0,0,0,0,3,,,1,1,
OR-F00402,Open,Clackamas,5,AFH,,,,2026-07-12,No,4,0,1,5,0,0,1,10,,,1,1,
OR-F00699,Open,Clackamas,5,AFH,Medicaid,,,2026-07-12,Yes,4,0,0,0,0,0,0,4,,,1,1,
OR-F00773,Open,Clackamas,5,AFH,Medicaid,,,2026-07-12,Yes,4,0,0,0,0,0,0,4,,,1,1,
OR-F00717,Open,Clackamas,5,AFH,Medicaid,,,2026-07-12,Yes,5,1,0,2,0,0,0,7,,,1,1,
OR-F00169,Open,Clackamas,5,AFH,,,,2026-07-12,No,1,0,0,0,0,0,0,1,,,1,1,
OR-F00437,Open,Clackamas,5,AFH,Medicaid,,,2026-07-12,Yes,4,0,0,0,0,0,0,4,,,1,1,
OR-F00704,Open,Clackamas,5,AFH,Medicaid,,,2026-07-12,Yes,7,0,0,0,0,0,0,7,,,1,1,
OR-F00440,Open,Clackamas,5,AFH,Medicaid,,,2026-07-12,Yes,6,0,0,8,0,0,0,14,,,1,1,
OR-F00593,Open,Clackamas,5,AFH,Medicaid,,,2026-07-12,Yes,5,0,0,1,0,0,0,6,,,1,1,
OR-F00721,Open,Clackamas,4,AFH,Medicaid,,,2026-07-12,Yes,16,0,6,10,0,0,6,32,,,1,1,
OR-F00394,Open,Clackamas,5,AFH,,,,2026-07-12,No,4,1,0,1,0,0,0,5,,,1,1,
OR-F00546,Open,Clackamas,5,AFH,,,,2026-07-12,No,1,0,0,0,0,0,0,1,,,1,1,
OR-F00190,Open,Clackamas,5,AFH,,,,2026-07-12,No,3,0,0,2,0,0,0,5,,,1,1,
OR-F00493,Open,Clackamas,5,AFH,Medicaid,,,2026-07-12,Yes,3,0,0,2,0,0,0,5,,,1,1,
OR-F00474,Open,Clackamas,5,AFH,,,,2026-07-12,No,4,0,0,0,0,0,0,4,,,1,1,
OR-F00472,Open,Clackamas,5,AFH,,,,2026-07-12,No,3,0,0,0,0,0,0,3,,,1,1,
OR-F00059,Open,Clackamas,0,AFH,,,,2026-07-12,No,0,0,0,0,0,0,0,0,,,1,1,
OR-F00450,Open,Clackamas,5,AFH,,,,2026-07-12,No,4,0,0,3,0,0,0,7,,,1,1,
OR-F00422,Open,Clackamas,5,AFH,Medicaid,,,2026-07-12,Yes,3,0,0,0,0,0,0,3,,,1,1,
OR-F00371,Open,Clackamas,5,AFH,Medicaid,,,2026-07-12,Yes,3,0,0,1,0,0,0,4,,,1,1,
OR-F00536,Open,Clackamas,5,AFH,Medicaid,,,2026-07-12,Yes,3,0,0,1,0,0,0,4,,,1,1,
OR-F00477,Open,Clackamas,5,AFH,Medicaid,,,2026-07-12,Yes,5,0,0,3,0,0,0,8,,,1,1,
OR-F00102,Open,Clackamas,5,AFH,,,,2026-07-12,No,1,0,0,0,0,0,0,1,,,1,1,
OR-F00233,Open,Clackamas,5,AFH,Medicaid,,,2026-07-12,Yes,0,0,0,0,0,0,0,0,,,1,1,
OR-F00298,Open,Clackamas,10,"RCF, Memory Care",Medicaid,,,2026-07-12,Yes,3,1,0,9,0,0,0,12,,,1,1,
OR-F00576,Open,Clackamas,24,"RCF, Memory Care",Medicaid,,,2026-07-12,Yes,3,0,0,32,0,0,0,35,,,2,2,OR035
OR-F00681,Open,Clackamas,65,ALF,Medicaid,,,2026-07-12,Yes,3,1,0,18,0,0,0,21,,,2,2,OR035
OR-F00201,Open,Clackamas,87,NF,Medicaid,,,2026-07-12,Yes,9,8,1,35,0,0,1,45,,,1,1,
OR-F00194,Open,Clackamas,95,NF,Medicaid,,,2026-07-12,Yes,18,17,1,92,0,0,1,111,,,1,1,
OR-F00348,Open,Clackamas,15,"RCF, Memory Care",Medicaid,,,2026-07-12,Yes,3,0,0,1,0,0,0,4,,,1,1,
OR-F00790,Open,Clackamas,5,AFH,Medicaid,,,2026-07-12,Yes,7,0,0,2,0,0,0,9,,,1,1,
OR-F00359,Open,Clackamas,68,"RCF, Memory Care",Medicaid,,,2026-07-12,Yes,8,5,4,25,0,0,4,37,,,1,1,
OR-F00251,Open,Clackamas,5,AFH,,,,2026-07-12,No,1,0,0,0,0,0,0,1,,,1,1,
OR-F00519,Open,Clackamas,5,AFH,,,,2026-07-12,No,4,0,0,2,0,0,0,6,,,1,1,
OR-F00382,Open,Clackamas,3,AFH,Medicaid,,,2026-07-12,Yes,5,0,0,5,0,0,0,10,,,1,1,
OR-F00092,Open,Clackamas,5,AFH,Medicaid,,,2026-07-12,Yes,2,0,0,0,0,0,0,2,,,1,1,
OR-F00171,Open,Clackamas,5,AFH,Medicaid,,,2026-07-12,Yes,8,0,0,2,0,0,0,10,,,1,1,
OR-F00154,Open,Clackamas,5,AFH,Medicaid,,,2026-07-12,Yes,14,0,1,4,0,0,1,19,,,1,1,
OR-F00631,Open,Clackamas,60,ALF,,,,2026-07-12,No,2,0,0,0,0,0,0,2,,,1,2,OR048
OR-F00301,Open,Clackamas,32,"RCF, Memory Care",,,,2026-07-12,No,2,0,0,0,0,0,0,2,,,1,2,OR048
OR-F00609,Open,Clackamas,3,AFH,,,,2026-07-12,No,5,0,0,0,0,0,0,5,,,1,1,
OR-F00300,Open,Clackamas,120,"RCF, Memory Care",Medicaid,,,2026-07-12,Yes,8,3,3,145,0,0,3,156,,,1,1,
OR-F00303,Open,Clackamas,37,RCF,Medicaid,,,2026-07-12,Yes,6,2,3,35,0,0,3,44,,,1,1,
OR-F00016,Open,Clackamas,5,AFH,Medicaid,,,2026-07-12,Yes,2,0,0,0,0,0,0,2,,,1,1,
OR-F00282,Open,Clackamas,5,AFH,,,,2026-07-12,No,5,0,0,1,0,0,0,6,,,1,1,
OR-F00187,Open,Clackamas,5,AFH,Medicaid,,,2026-07-12,Yes,4,0,1,0,0,0,1,5,,,1,1,
OR-F00680,Open,Clackamas,55,ALF,Medicaid,,,2026-07-12,Yes,5,2,2,56,0,0,2,63,,,1,1,
OR-F00242,Open,Clackamas,5,AFH,Medicaid,,,2026-07-12,Yes,4,0,0,0,0,0,0,4,,,1,1,
OR-F00155,Open,Clackamas,5,AFH,Medicaid,,,2026-07-12,Yes,2,0,0,1,0,0,0,3,,,1,1,
OR-F00627,Open,Clackamas,5,AFH,,,,2026-07-12,No,3,0,0,1,0,0,0,4,,,1,1,
OR-F00737,Open,Clackamas,5,AFH,Medicaid,,,2026-07-12,Yes,14,2,0,5,0,0,0,19,,,1,1,
OR-F00275,Open,Clackamas,5,AFH,Medicaid,,,2026-07-12,Yes,5,0,0,1,0,0,0,6,,,1,1,
OR-F00224,Open,Clackamas,5,AFH,Medicaid,,,2026-07-12,Yes,9,2,0,3,0,0,0,12,,,1,1,
OR-F00362,Open,Clackamas,15,RCF,,,,2026-07-12,No,3,0,0,1,0,0,0,4,,,1,1,
OR-F00451,Open,Clackamas,5,AFH,Medicaid,,,2026-07-12,Yes,3,0,0,1,0,0,0,4,,,1,1,
OR-F00791,Open,Clackamas,5,AFH,Medicaid,,,2026-07-12,Yes,2,0,0,0,0,0,0,2,,,1,1,
OR-F00484,Open,Clackamas,4,AFH,Medicaid,,,2026-07-12,Yes,7,1,0,4,0,0,0,11,,,1,1,
OR-F00763,Open,Clackamas,5,AFH,Medicaid,,,2026-07-12,Yes,1,0,0,0,0,0,0,1,,,1,1,
OR-F00304,Open,Clackamas,40,RCF,,,,2026-07-12,No,7,3,0,23,0,0,0,30,,,1,1,
OR-F00486,Open,Clackamas,5,AFH,Medicaid,,,2026-07-12,Yes,7,0,1,8,0,0,1,16,,,1,1,
OR-F00101,Open,Clackamas,5,AFH,,,,2026-07-12,No,0,0,0,0,0,0,0,0,,,1,1,
OR-F00044,Open,Clackamas,5,AFH,,,,2026-07-12,No,1,0,0,0,0,0,0,1,,,1,1,
OR-F00431,Open,Clackamas,5,AFH,,,,2026-07-12,No,3,0,0,0,0,0,0,3,,,1,1,
OR-F00409,Open,Clackamas,5,AFH,Medicaid,,,2026-07-12,Yes,8,0,1,6,0,0,1,15,,,1,1,
OR-F00281,Open,Clackamas,5,AFH,Medicaid,,,2026-07-12,Yes,6,0,0,7,0,0,0,13,,,1,1,
OR-F00153,Open,Clackamas,5,AFH,,,,2026-07-12,No,5,1,0,0,0,0,0,5,,,1,1,
OR-F00312,Open,Clackamas,35,"RCF, Memory Care",Medicaid,,,2026-07-12,Yes,4,1,0,46,0,0,0,50,,,1,2,OR006
OR-F00330,Open,Clackamas,20,"RCF, Memory Care",Medicaid,,,2026-07-12,Yes,3,0,0,12,0,0,0,15,,,1,2,OR006
OR-F00725,Open,Clackamas,5,AFH,Medicaid,,,2026-07-12,Yes,8,0,0,1,0,0,0,9,,,1,1,
OR-F00398,Open,Clackamas,4,AFH,,,,2026-07-12,No,4,0,0,0,0,0,0,4,,,1,1,
OR-F00485,Open,Clackamas,5,AFH,Medicaid,,,2026-07-12,Yes,3,0,0,2,0,0,0,5,,,1,1,
OR-F00286,Open,Clackamas,5,AFH,Medicaid,,,2026-07-12,Yes,3,0,0,1,0,0,0,4,,,1,1,
OR-F00466,Open,Clackamas,5,AFH,,,,2026-07-12,No,7,0,1,9,0,0,1,17,,,1,1,
OR-F00490,Open,Clackamas,5,AFH,Medicaid,,,2026-07-12,Yes,3,0,0,0,0,0,0,3,,,1,1,
OR-F00246,Open,Clackamas,5,AFH,Medicaid,,,2026-07-12,Yes,4,0,0,0,0,0,0,4,,,1,1,
OR-F00179,Open,Clackamas,5,AFH,Medicaid,,,2026-07-12,Yes,3,0,0,0,0,0,0,3,,,1,1,
OR-F00659,Open,Clackamas,48,ALF,Medicaid,,,2026-07-12,Yes,6,1,1,35,0,0,1,42,,,1,1,
OR-F00738,Open,Clackamas,5,AFH,Medicaid,,,2026-07-12,Yes,2,0,0,0,0,0,0,2,,,1,1,
OR-F00170,Open,Clackamas,5,AFH,Medicaid,,,2026-07-12,Yes,3,0,0,2,0,0,0,5,,,1,1,
OR-F00550,Open,Clackamas,5,AFH,Medicaid,,,2026-07-12,Yes,8,1,0,20,0,0,0,28,,,1,1,
OR-F00230,Open,Clackamas,5,AFH,Medicaid,,,2026-07-12,Yes,4,0,0,0,0,0,0,4,,,1,1,
OR-F00524,Open,Clackamas,5,AFH,Medicaid,,,2026-07-12,Yes,5,0,0,4,0,0,0,9,,,1,1,
OR-F00565,Open,Clackamas,5,AFH,,,,2026-07-12,No,3,0,0,0,0,0,0,3,,,1,1,
OR-F00723,Open,Clackamas,5,AFH,Medicaid,,,2026-07-12,Yes,4,0,0,1,0,0,0,5,,,1,1,
OR-F00030,Open,Clackamas,3,AFH,Medicaid,,,2026-07-12,Yes,3,0,0,0,0,0,0,3,,,1,1,
OR-F00261,Open,Clackamas,4,AFH,Medicaid,,,2026-07-12,Yes,5,0,0,4,0,0,0,9,,,1,1,
OR-F00460,Open,Clackamas,5,AFH,Medicaid,,,2026-07-12,Yes,5,0,0,5,0,0,0,10,,,1,1,
OR-F00208,Open,Clackamas,5,AFH,Medicaid,,,2026-07-12,Yes,5,1,0,1,0,0,0,6,,,1,1,
OR-F00010,Open,Clackamas,5,AFH,Medicaid,,,2026-07-12,Yes,0,0,0,0,0,0,0,0,,,1,1,
OR-F00594,Open,Clackamas,5,AFH,Medicaid,,,2026-07-12,Yes,8,0,0,6,0,0,0,14,,,1,1,
OR-F00025,Open,Clackamas,5,AFH,Medicaid,,,2026-07-12,Yes,4,0,1,8,0,0,1,13,,,1,1,
OR-F00792,Open,Clackamas,5,AFH,Medicaid,,,2026-07-12,Yes,7,0,1,9,0,0,1,17,,,1,1,
OR-F00385,Open,Clackamas,5,AFH,Medicaid,,,2026-07-12,Yes,6,0,0,3,0,0,0,9,,,1,1,
OR-F00372,Open,Clackamas,3,AFH,Medicaid,,,2026-07-12,Yes,3,0,0,3,0,0,0,6,,,1,1,
OR-F00503,Open,Clackamas,5,AFH,Medicaid,,,2026-07-12,Yes,4,1,0,2,0,0,0,6,,,1,1,
OR-F00046,Open,Clackamas,5,AFH,Medicaid,,,2026-07-12,Yes,5,1,0,0,0,0,0,5,,,1,1,
OR-F00311,Open,Clackamas,30,RCF,Medicaid,,,2026-07-12,Yes,5,2,4,29,0,0,4,38,,,1,5,OR029
OR-F00319,Open,Clackamas,30,RCF,Medicaid,,,2026-07-12,Yes,4,1,1,21,0,0,1,26,,,1,5,OR029
OR-F00338,Open,Clackamas,30,RCF,Medicaid,,,2026-07-12,Yes,4,1,3,19,0,0,3,26,,,1,5,OR029
OR-F00318,Open,Clackamas,30,RCF,Medicaid,,,2026-07-12,Yes,3,1,1,30,0,0,1,34,,,1,5,OR029
OR-F00029,Open,Clackamas,2,AFH,,,,2026-07-12,No,0,0,0,0,0,0,0,0,,,1,1,
OR-F00375,Open,Clackamas,5,AFH,Medicaid,,,2026-07-12,Yes,5,0,0,0,0,0,0,5,,,1,1,
OR-F00731,Open,Clackamas,5,AFH,Medicaid,,,2026-07-12,Yes,6,0,0,7,0,0,0,13,,,1,1,
OR-F00789,Open,Clackamas,5,AFH,Medicaid,,,2026-07-12,Yes,13,0,0,17,0,0,0,30,,,1,1,
OR-F00074,Open,Clackamas,4,AFH,,,,2026-07-12,No,0,0,0,0,0,0,0,0,,,1,1,
OR-F00100,Open,Clackamas,5,AFH,Medicaid,,,2026-07-12,Yes,0,0,0,0,0,0,0,0,,,1,1,
OR-F00618,Open,Clackamas,5,AFH,Medicaid,,,2026-07-12,Yes,3,0,0,1,0,0,0,4,,,1,1,
OR-F00088,Open,Clackamas,5,AFH,,,,2026-07-12,No,0,0,0,0,0,0,0,0,,,1,1,
OR-F00610,Open,Clackamas,5,AFH,Medicaid,,,2026-07-12,Yes,5,0,0,4,0,0,0,9,,,1,1,
OR-F00557,Open,Clackamas,5,AFH,Medicaid,,,2026-07-12,Yes,4,0,0,9,0,0,0,13,,,1,1,
OR-F00387,Open,Clackamas,5,AFH,,,,2026-07-12,No,5,0,0,1,0,0,0,6,,,1,1,
OR-F00495,Open,Clackamas,5,AFH,,,,2026-07-12,No,3,0,0,0,0,0,0,3,,,1,1,
OR-F00779,Open,Clackamas,4,AFH,Medicaid,,,2026-07-12,Yes,3,0,0,0,0,0,0,3,,,1,1,
OR-F00041,Open,Clackamas,4,AFH,Medicaid,,,2026-07-12,Yes,1,0,0,1,0,0,0,2,,,1,1,
OR-F00703,Open,Clackamas,5,AFH,Medicaid,,,2026-07-12,Yes,6,0,0,3,0,0,0,9,,,1,1,
OR-F00218,Open,Clackamas,16,NF,,,,2026-07-12,No,8,3,1,29,0,0,1,38,,,1,1,
OR-F00124,Open,Clackamas,5,AFH,,,,2026-07-12,No,0,0,0,0,0,0,0,0,,,1,1,
OR-F00432,Open,Clackamas,4,AFH,,,,2026-07-12,No,6,1,0,15,0,0,0,21,,,1,1,
OR-F00336,Open,Clackamas,16,"RCF, Memory Care",,,,2026-07-12,No,7,2,3,6,0,0,3,16,,,1,2,OR026
OR-F00329,Open,Clackamas,32,"RCF, Memory Care",Medicaid,,,2026-07-12,Yes,4,1,2,37,0,0,2,43,,,1,1,
OR-F00364,Open,Clackamas,32,"RCF, Memory Care",,,,2026-07-12,No,2,0,0,12,0,0,0,14,,,2,2,OR034
OR-F00355,Open,Clackamas,24,"RCF, Memory Care",,,,2026-07-12,No,7,2,0,25,0,0,0,32,,,2,2,OR024
OR-F00353,Open,Clackamas,26,"RCF, Memory Care",,,,2026-07-12,No,6,1,0,8,0,0,0,14,,,2,2,OR017
OR-F00573,Open,Clackamas,51,"RCF, Memory Care",Medicaid,,,2026-07-12,Yes,6,2,1,64,0,0,1,71,,,2,2,OR019
OR-F00133,Open,Clackamas,2,AFH,,,,2026-07-12,No,0,0,0,0,0,0,0,0,,,1,1,
OR-F00570,Open,Clackamas,5,AFH,Medicaid,,,2026-07-12,Yes,3,0,0,0,0,0,0,3,,,1,1,
OR-F00739,Open,Clackamas,0,AFH,Medicaid,,,2026-07-12,Yes,6,0,0,14,0,0,0,20,,,1,2,OR030
OR-F00007,Open,Clackamas,5,AFH,Medicaid,,,2026-07-12,Yes,4,0,0,0,0,0,0,4,,,1,1,
OR-F00661,Open,Clackamas,101,ALF,Medicaid,,,2026-07-12,Yes,11,7,4,199,0,0,4,214,,,1,1,
OR-F00105,Open,Clackamas,3,AFH,,,,2026-07-12,No,1,0,0,0,0,0,0,1,,,1,1,
OR-F00054,Open,Clackamas,5,AFH,,,,2026-07-12,No,1,0,0,0,0,0,0,1,,,1,1,
OR-F00320,Open,Clackamas,15,RCF,,,,2026-07-12,No,3,0,0,2,0,0,0,5,,,1,1,
OR-F00360,Open,Clackamas,15,"RCF, Memory Care",Medicaid,,,2026-07-12,Yes,3,0,0,2,0,0,0,5,,,1,1,
OR-F00700,Open,Clackamas,5,AFH,Medicaid,,,2026-07-12,Yes,10,0,0,3,0,0,0,13,,,1,1,
OR-F00118,Open,Clackamas,5,AFH,,,,2026-07-12,No,0,0,0,0,0,0,0,0,,,1,1,
OR-F00662,Open,Clackamas,79,ALF,Medicaid,,,2026-07-12,Yes,7,4,6,99,0,0,6,112,,,1,1,
OR-F00514,Open,Clackamas,5,AFH,Medicaid,,,2026-07-12,Yes,4,0,0,2,0,0,0,6,,,1,1,
OR-F00001,Open,Clackamas,5,AFH,Medicaid,,,2026-07-12,Yes,2,0,0,0,0,0,0,2,,,1,1,
OR-F00120,Open,Clackamas,5,AFH,Medicaid,,,2026-07-12,Yes,0,0,0,0,0,0,0,0,,,1,1,
OR-F00302,Open,Clackamas,75,RCF,Medicaid,,,2026-07-12,Yes,4,0,1,11,0,0,1,16,,,1,1,
OR-F00419,Open,Clackamas,5,AFH,Medicaid,,,2026-07-12,Yes,3,0,0,2,0,0,0,5,,,1,1,
OR-F00515,Open,Clackamas,5,AFH,,,,2026-07-12,No,4,0,0,5,0,0,0,9,,,1,1,
OR-F00665,Open,Clackamas,52,ALF,Medicaid,,,2026-07-12,Yes,5,1,0,23,0,0,0,28,,,1,1,
OR-F00445,Open,Clackamas,5,AFH,,,,2026-07-12,No,4,0,0,0,0,0,0,4,,,1,1,
OR-F00498,Open,Clackamas,5,AFH,,,,2026-07-12,No,10,0,1,6,0,0,1,17,,,1,1,
OR-F00596,Open,Clackamas,5,AFH,Medicaid,,,2026-07-12,Yes,5,1,0,5,0,0,0,10,,,1,1,
OR-F00043,Open,Clackamas,5,AFH,,,,2026-07-12,No,2,0,0,4,0,0,0,6,,,1,1,
OR-F00307,Open,Clackamas,16,RCF,,,,2026-07-12,No,4,0,0,9,0,0,0,13,,,1,1,
OR-F00185,Open,Clackamas,5,AFH,Medicaid,,,2026-07-12,Yes,4,0,0,3,0,0,0,7,,,1,1,
OR-F00055,Open,Clackamas,5,AFH,Medicaid,,,2026-07-12,Yes,0,0,0,0,0,0,0,0,,,1,1,
OR-F00145,Open,Clackamas,5,AFH,Medicaid,,,2026-07-12,Yes,4,0,0,0,0,0,0,4,,,1,1,
OR-F00174,Open,Clackamas,5,AFH,Medicaid,,,2026-07-12,Yes,7,0,0,7,0,0,0,14,,,1,1,
OR-F00264,Open,Clackamas,5,AFH,Medicaid,,,2026-07-12,Yes,5,0,0,8,0,0,0,13,,,1,1,
OR-F00555,Open,Clackamas,5,AFH,Medicaid,,,2026-07-12,Yes,7,0,0,1,0,0,0,8,,,1,1,
OR-F00479,Open,Clackamas,3,AFH,,,,2026-07-12,No,3,0,0,1,0,0,0,4,,,1,1,
OR-F00034,Open,Clackamas,5,AFH,Medicaid,,,2026-07-12,Yes,4,1,0,6,0,0,0,10,,,1,1,
OR-F00696,Open,Clackamas,5,AFH,Medicaid,,,2026-07-12,Yes,3,0,0,0,0,0,0,3,,,1,1,
OR-F00182,Open,Clackamas,5,AFH,Medicaid,,,2026-07-12,Yes,2,0,0,1,0,0,0,3,,,1,1,
OR-F00255,Open,Clackamas,5,AFH,Medicaid,,,2026-07-12,Yes,6,1,0,0,0,0,0,6,,,1,1,
OR-F00688,Open,Clackamas,5,AFH,Medicaid,,,2026-07-12,Yes,7,0,0,4,0,0,0,11,,,1,1,
OR-F00272,Open,Clackamas,1,AFH,Medicaid,,,2026-07-12,Yes,8,0,1,7,0,0,1,16,,,1,1,
OR-F00653,Open,Clackamas,56,ALF,,,,2026-07-12,No,3,0,0,7,0,0,0,10,,,1,1,
OR-F00098,Open,Clackamas,5,AFH,,,,2026-07-12,No,0,0,0,0,0,0,0,0,,,1,1,
OR-F00188,Open,Clackamas,5,AFH,Medicaid,,,2026-07-12,Yes,4,0,0,0,0,0,0,4,,,1,1,
OR-F00513,Open,Clackamas,5,AFH,,,,2026-07-12,No,9,0,2,8,0,0,2,19,,,1,1,
OR-F00003,Open,Clackamas,5,AFH,,,,2026-07-12,No,3,1,0,2,0,0,0,5,,,1,1,
OR-F00361,Open,Clackamas,16,RCF,,,,2026-07-12,No,2,0,0,3,0,0,0,5,,,1,1,
OR-F00106,Open,Clackamas,5,AFH,,,,2026-07-12,No,0,0,0,0,0,0,0,0,,,1,1,
OR-F00103,Open,Clackamas,5,AFH,Medicaid,,,2026-07-12,Yes,1,0,0,0,0,0,0,1,,,1,1,
OR-F00221,Open,Clackamas,5,AFH,Medicaid,,,2026-07-12,Yes,5,0,0,1,0,0,0,6,,,1,1,
OR-F00117,Open,Clackamas,5,AFH,,,,2026-07-12,No,0,0,0,0,0,0,0,0,,,1,1,
OR-F00408,Open,Clackamas,3,AFH,Medicaid,,,2026-07-12,Yes,3,0,0,4,0,0,0,7,,,1,1,
OR-F00383,Open,Clackamas,5,AFH,,,,2026-07-12,No,3,0,0,0,0,0,0,3,,,1,1,
OR-F00427,Open,Clackamas,5,AFH,,,,2026-07-12,No,6,0,0,3,0,0,0,9,,,1,1,
OR-F00380,Open,Clackamas,5,AFH,Medicaid,,,2026-07-12,Yes,6,0,0,0,0,0,0,6,,,1,1,
OR-F00457,Open,Clackamas,5,AFH,,,,2026-07-12,No,4,0,0,2,0,0,0,6,,,1,1,
OR-F00399,Open,Clackamas,5,AFH,,,,2026-07-12,No,5,0,0,0,0,0,0,5,,,1,2,OR025
OR-F00446,Open,Clackamas,5,AFH,,,,2026-07-12,No,5,0,0,1,0,0,0,6,,,1,2,OR025
OR-F00395,Open,Clackamas,5,AFH,Medicaid,,,2026-07-12,Yes,5,0,0,0,0,0,0,5,,,1,1,
OR-F00135,Open,Clackamas,5,AFH,,,,2026-07-12,No,0,0,0,0,0,0,0,0,,,1,1,
OR-F00379,Open,Clackamas,5,AFH,,,,2026-07-12,No,5,0,0,1,0,0,0,6,,,1,1,
OR-F00687,Open,Clackamas,5,AFH,,,,2026-07-12,No,5,0,0,0,0,0,0,5,,,1,1,
OR-F00401,Open,Clackamas,5,AFH,Medicaid,,,2026-07-12,Yes,7,0,0,6,0,0,0,13,,,1,1,
OR-F00210,Open,Clackamas,5,AFH,Medicaid,,,2026-07-12,Yes,4,0,0,1,0,0,0,5,,,1,2,OR001
OR-F00111,Open,Clackamas,5,AFH,,,,2026-07-12,No,1,0,0,0,0,0,0,1,,,1,2,OR001
OR-F00491,Open,Clackamas,5,AFH,Medicaid,,,2026-07-12,Yes,3,0,0,3,0,0,0,6,,,1,1,
OR-F00755,Open,Clackamas,5,AFH,Medicaid,,,2026-07-12,Yes,6,0,0,0,0,0,0,6,,,1,1,
OR-F00693,Open,Clackamas,5,AFH,Medicaid,,,2026-07-12,Yes,5,0,0,4,0,0,0,9,,,1,1,
OR-F00346,Open,Clackamas,30,"RCF, Memory Care",,,,2026-07-12,No,2,0,0,0,0,0,0,2,,,1,1,
OR-F00391,Open,Clackamas,5,AFH,Medicaid,,,2026-07-12,Yes,8,1,1,11,0,0,1,20,,,1,1,
OR-F00260,Open,Clackamas,5,AFH,Medicaid,,,2026-07-12,Yes,5,0,0,3,0,0,0,8,,,1,1,
OR-F00374,Open,Clackamas,5,AFH,Medicaid,,,2026-07-12,Yes,3,0,0,0,0,0,0,3,,,1,1,
OR-F00288,Open,Clackamas,5,AFH,Medicaid,,,2026-07-12,Yes,7,0,1,1,0,0,1,9,,,1,1,
OR-F00249,Open,Clackamas,5,AFH,Medicaid,,,2026-07-12,Yes,3,0,0,1,0,0,0,4,,,1,1,
OR-F00428,Open,Clackamas,5,AFH,Medicaid,,,2026-07-12,Yes,4,0,0,1,0,0,0,5,,,1,1,
OR-F00337,Open,Clackamas,52,"RCF, Memory Care",Medicaid,,,2026-07-12,Yes,5,2,0,70,0,0,0,75,,,2,2,OR037
OR-F00213,Open,Clackamas,50,NF,Medicaid,,,2026-07-12,Yes,16,8,0,25,0,0,0,41,,,1,1,
OR-F00673,Open,Clackamas,92,ALF,Medicaid,,,2026-07-12,Yes,3,1,0,31,0,0,0,34,,,1,2,OR005
OR-F00356,Open,Clackamas,24,"RCF, Memory Care",,,,2026-07-12,No,2,0,0,2,0,0,0,4,,,1,2,OR005
OR-F00204,Open,Clackamas,102,"NF, Memory Care",Medicaid,,,2026-07-12,Yes,9,4,0,23,0,0,0,32,,,1,1,
OR-F00216,Open,Clackamas,54,NF,Medicaid,,,2026-07-12,Yes,11,9,0,30,0,0,0,41,,,2,1,
OR-F00641,Open,Clackamas,72,ALF,Medicaid,,,2026-07-12,Yes,3,1,1,22,0,0,1,26,,,1,1,
OR-F00207,Open,Clackamas,50,NF,Medicaid,,,2026-07-12,Yes,9,6,1,25,0,0,1,35,,,1,1,
OR-F00752,Open,Clackamas,5,AFH,,,,2026-07-12,No,2,0,0,0,0,0,0,2,,,1,1,
OR-F00467,Open,Clackamas,5,AFH,Medicaid,,,2026-07-12,Yes,3,0,0,2,0,0,0,5,,,1,1,
OR-F00564,Open,Clackamas,5,AFH,Medicaid,,,2026-07-12,Yes,3,0,0,4,0,0,0,7,,,1,1,
OR-F00134,Open,Clackamas,5,AFH,Medicaid,,,2026-07-12,Yes,0,0,0,0,0,0,0,0,,,1,2,OR047
OR-F00377,Open,Clackamas,3,AFH,Medicaid,,,2026-07-12,Yes,2,0,0,0,0,0,0,2,,,1,1,
OR-F00604,Open,Clackamas,5,AFH,Medicaid,,,2026-07-12,Yes,11,1,0,2,0,0,0,13,,,1,1,
OR-F00685,Open,Clackamas,50,ALF,Medicaid,,,2026-07-12,Yes,3,0,0,17,0,0,0,20,,,2,2,OR037
OR-F00325,Open,Clackamas,28,"RCF, Memory Care",Medicaid,,,2026-07-12,Yes,5,1,5,45,0,0,5,55,,,1,2,OR032
OR-F00666,Open,Clackamas,74,ALF,Medicaid,,,2026-07-12,Yes,8,4,3,107,0,0,3,118,,,1,2,OR032
OR-F00143,Open,Clackamas,5,AFH,Medicaid,,,2026-07-12,Yes,4,0,0,2,0,0,0,6,,,1,1,
OR-F00114,Open,Clackamas,5,AFH,,,,2026-07-12,No,0,0,0,0,0,0,0,0,,,1,1,
OR-F00049,Open,Clackamas,4,AFH,Medicaid,,,2026-07-12,Yes,3,0,0,0,0,0,0,3,,,1,1,
OR-F00013,Open,Clackamas,5,AFH,Medicaid,,,2026-07-12,Yes,4,0,0,0,0,0,0,4,,,1,1,
OR-F00545,Open,Clackamas,5,AFH,Medicaid,,,2026-07-12,Yes,4,0,0,1,0,0,0,5,,,1,1,
OR-F00279,Open,Clackamas,5,AFH,,,,2026-07-12,No,6,0,0,0,0,0,0,6,,,1,1,
OR-F00496,Open,Clackamas,5,AFH,Medicaid,,,2026-07-12,Yes,3,0,0,0,0,0,0,3,,,1,1,
OR-F00358,Open,Clackamas,47,RCF,,,,2026-07-12,No,5,1,1,5,0,0,1,11,,,1,1,
OR-F00315,Open,Clackamas,186,"RCF, Memory Care",,,,2026-07-12,No,6,3,1,74,0,0,1,81,,,1,1,
OR-F00436,Open,Clackamas,5,AFH,,,,2026-07-12,No,6,2,0,10,0,0,0,16,,,1,1,
OR-F00119,Open,Clackamas,5,AFH,,,,2026-07-12,No,0,0,0,0,0,0,0,0,,,1,1,
OR-F00009,Open,Clackamas,5,AFH,,,,2026-07-12,No,3,0,0,0,0,0,0,3,,,1,1,
OR-F00354,Open,Clackamas,104,"RCF, Memory Care",Medicaid,,,2026-07-12,Yes,7,4,2,137,0,0,2,146,,,1,1,
OR-F00599,Open,Clackamas,5,AFH,Medicaid,,,2026-07-12,Yes,6,0,0,7,0,0,0,13,,,1,1,
OR-F00452,Open,Clackamas,5,AFH,Medicaid,,,2026-07-12,Yes,5,1,0,2,0,0,0,7,,,1,1,
OR-F00150,Open,Clackamas,5,AFH,Medicaid,,,2026-07-12,Yes,5,1,0,1,0,0,0,6,,,1,1,
OR-F00525,Open,Clackamas,5,AFH,,,,2026-07-12,No,4,0,0,1,0,0,0,5,,,1,1,
OR-F00061,Open,Clackamas,5,AFH,Medicaid,,,2026-07-12,Yes,0,0,0,0,0,0,0,0,,,1,1,
OR-F00517,Open,Clackamas,5,AFH,,,,2026-07-12,No,3,0,0,2,0,0,0,5,,,1,1,
OR-F00235,Open,Clackamas,5,AFH,Medicaid,,,2026-07-12,Yes,7,1,1,3,0,0,1,11,,,1,1,
OR-F00369,Open,Clackamas,5,AFH,Medicaid,,,2026-07-12,Yes,6,1,0,16,0,0,0,22,,,1,1,
OR-F00004,Open,Clackamas,5,AFH,Medicaid,,,2026-07-12,Yes,4,0,0,0,0,0,0,4,,,1,1,
OR-F00381,Open,Clackamas,4,AFH,Medicaid,,,2026-07-12,Yes,6,0,0,1,0,0,0,7,,,1,1,
OR-F00048,Open,Clackamas,5,AFH,,,,2026-07-12,No,0,0,0,0,0,0,0,0,,,1,1,
OR-F00096,Open,Clackamas,5,AFH,,,,2026-07-12,No,1,0,0,0,0,0,0,1,,,1,1,
OR-F00322,Open,Clackamas,31,"RCF, Memory Care",Medicaid,,,2026-07-12,Yes,4,2,1,32,0,0,1,37,,,1,2,OR038
OR-F00644,Open,Clackamas,79,ALF,,,,2026-07-12,No,7,3,1,56,0,0,1,64,,,1,1,
OR-F00035,Open,Clackamas,5,AFH,Medicaid,,,2026-07-12,Yes,0,0,0,0,0,0,0,0,,,1,1,
OR-F00280,Open,Clackamas,4,AFH,Medicaid,,,2026-07-12,Yes,7,1,0,8,0,0,0,15,,,1,1,
OR-F00458,Open,Clackamas,3,AFH,,,,2026-07-12,No,6,0,0,6,0,0,0,12,,,1,1,
OR-F00121,Open,Clackamas,5,AFH,,,,2026-07-12,No,0,0,0,0,0,0,0,0,,,1,1,
OR-F00284,Open,Clackamas,5,AFH,Medicaid,,,2026-07-12,Yes,3,0,1,0,0,0,1,4,,,1,1,
OR-F00676,Open,Clackamas,61,ALF,Medicaid,,,2026-07-12,Yes,9,5,3,76,0,0,3,88,,,2,2,OR045
OR-F00324,Open,Clackamas,12,"RCF, Memory Care",Medicaid,,,2026-07-12,Yes,5,1,0,30,0,0,0,35,,,2,2,OR045
OR-F00461,Open,Clackamas,5,AFH,Medicaid,,,2026-07-12,Yes,6,0,0,5,0,0,0,11,,,1,1,
OR-F00678,Open,Clackamas,68,ALF,Medicaid,,,2026-07-12,Yes,6,3,1,109,0,0,1,116,,,1,1,
OR-F00441,Open,Clackamas,5,AFH,Medicaid,,,2026-07-12,Yes,6,0,0,1,0,0,0,7,,,1,1,
OR-F00668,Open,Clackamas,29,ALF,Medicaid,,,2026-07-12,Yes,8,4,5,24,0,0,5,37,,,1,1,
OR-F00080,Open,Clackamas,5,AFH,Medicaid,,,2026-07-12,Yes,2,0,0,0,0,0,0,2,,,1,1,
OR-F00094,Open,Clackamas,5,AFH,,,,2026-07-12,No,0,0,0,0,0,0,0,0,,,1,1,
OR-F00008,Open,Clackamas,5,AFH,,,,2026-07-12,No,2,0,0,0,0,0,0,2,,,1,1,
OR-F00349,Open,Clackamas,54,"RCF, Memory Care",Medicaid,,,2026-07-12,Yes,7,3,1,82,0,0,1,90,,,1,1,
OR-F00205,Open,Clackamas,53,NF,Medicaid,,,2026-07-12,Yes,17,9,0,59,0,0,0,76,,,1,1,
OR-F00136,Open,Clackamas,5,AFH,,,,2026-07-12,No,6,0,0,13,0,0,0,19,,,1,1,
OR-F00214,Open,Clackamas,71,NF,Medicaid,,,2026-07-12,Yes,14,9,0,54,0,0,0,68,,,2,1,
OR-F00308,Open,Clackamas,70,"RCF, Memory Care",Medicaid,,,2026-07-12,Yes,6,3,1,82,0,0,1,89,,,2,1,
OR-F00475,Open,Clackamas,5,AFH,Medicaid,,,2026-07-12,Yes,7,0,1,5,0,0,1,13,,,1,1,
OR-F00580,Open,Clackamas,5,AFH,Medicaid,,,2026-07-12,Yes,5,1,0,3,0,0,0,8,,,1,1,
OR-F00647,Open,Clackamas,64,ALF,,,,2026-07-12,No,6,1,2,32,0,0,2,40,,,2,2,OR028
OR-F00333,Open,Clackamas,28,"RCF, Memory Care",,,,2026-07-12,No,8,3,2,47,0,0,2,57,,,2,2,OR028
OR-F00226,Open,Clackamas,5,AFH,Medicaid,,,2026-07-12,Yes,8,2,0,4,0,0,0,12,,,1,2,OR047
OR-F00740,Open,Clackamas,5,AFH,Medicaid,,,2026-07-12,Yes,5,0,0,4,0,0,0,9,,,1,1,
OR-F00078,Open,Clackamas,5,AFH,,,,2026-07-12,No,0,0,0,0,0,0,0,0,,,1,1,
OR-F00045,Open,Clackamas,5,AFH,Medicaid,,,2026-07-12,Yes,0,0,0,0,0,0,0,0,,,1,1,
OR-F00744,Open,Clackamas,5,AFH,Medicaid,,,2026-07-12,Yes,2,0,0,0,0,0,0,2,,,1,1,
OR-F00069,Open,Clackamas,5,AFH,,,,2026-07-12,No,0,0,0,0,0,0,0,0,,,1,1,
OR-F00389,Open,Clackamas,5,AFH,,,,2026-07-12,No,3,0,0,5,0,0,0,8,,,1,1,
OR-F00637,Open,Clackamas,100,ALF,Medicaid,,,2026-07-12,Yes,6,1,1,82,0,0,1,89,,,1,1,
OR-F00640,Open,Clackamas,85,ALF,,,,2026-07-12,No,6,0,0,6,0,0,0,12,,,2,2,OR041
OR-F00317,Open,Clackamas,16,"RCF, Memory Care",,,,2026-07-12,No,5,0,0,0,0,0,0,5,,,2,2,OR041
OR-F00675,Open,Clackamas,58,ALF,Medicaid,,,2026-07-12,Yes,3,0,0,24,0,0,0,27,,,1,1,
OR-F00215,Open,Clackamas,96,NF,Medicaid,,,2026-07-12,Yes,19,14,0,144,0,0,0,163,,,1,1,
OR-F00487,Open,Clackamas,1,AFH,Medicaid,,,2026-07-12,Yes,3,0,0,0,0,0,0,3,,,1,1,
OR-F00157,Open,Clackamas,5,AFH,,,,2026-07-12,No,6,0,0,0,0,0,0,6,,,1,1,
OR-F00342,Open,Clackamas,72,"RCF, Memory Care",Medicaid,,,2026-07-12,Yes,10,5,2,207,0,0,2,219,,,1,1,
OR-F00031,Open,Clackamas,3,AFH,Medicaid,,,2026-07-12,Yes,2,0,0,1,0,0,0,3,,,1,1,
OR-F00718,Open,Clackamas,4,AFH,Medicaid,,,2026-07-12,Yes,3,0,0,0,0,0,0,3,,,1,1,
OR-F00671,Open,Clackamas,72,ALF,Medicaid,,,2026-07-12,Yes,7,2,5,43,0,0,5,55,,,1,2,OR033
OR-F00327,Open,Clackamas,52,"RCF, Memory Care",Medicaid,,,2026-07-12,Yes,8,3,5,120,0,0,5,133,,,1,2,OR033
OR-F00612,Open,Clackamas,5,AFH,Medicaid,,,2026-07-12,Yes,3,0,0,0,0,0,0,3,,,1,1,
OR-F00623,Open,Clackamas,4,AFH,Medicaid,,,2026-07-12,Yes,4,0,0,1,0,0,0,5,,,1,1,
OR-F00758,Open,Clackamas,5,AFH,,,,2026-07-12,No,4,1,1,1,0,0,1,6,,,1,1,
OR-F00056,Open,Clackamas,5,AFH,,,,2026-07-12,No,0,0,0,0,0,0,0,0,,,1,2,OR011
OR-F00415,Open,Clackamas,5,AFH,Medicaid,,,2026-07-12,Yes,3,0,0,1,0,0,0,4,,,1,2,OR011
OR-F00526,Open,Clackamas,5,AFH,,,,2026-07-12,No,3,0,0,1,0,0,0,4,,,1,1,
OR-F00063,Open,Clackamas,5,AFH,,,,2026-07-12,No,0,0,0,0,0,0,0,0,,,1,1,
OR-F00672,Open,Clackamas,87,ALF,,,,2026-07-12,No,4,1,0,26,0,0,0,30,,,1,1,
OR-F00217,Open,Clackamas,74,NF,Medicaid,,,2026-07-12,Yes,9,7,0,38,0,0,0,47,,,1,2,OR038
OR-F00630,Open,Clackamas,21,ALF,,,,2026-07-12,No,7,1,0,10,0,0,0,17,,,1,2,OR026
OR-F00363,Open,Clackamas,92,ALF,,,,2026-07-12,No,2,0,0,4,0,0,0,6,,,2,2,OR034
OR-F00654,Open,Clackamas,97,ALF,,,,2026-07-12,No,6,2,0,30,0,0,0,36,,,2,2,OR024
OR-F00655,Open,Clackamas,77,ALF,,,,2026-07-12,No,6,2,1,16,0,0,1,23,,,2,2,OR017
OR-F00632,Open,Clackamas,85,ALF,Medicaid,,,2026-07-12,Yes,5,1,1,50,0,0,1,56,,,2,2,OR019
OR-F00645,Open,Clackamas,16,ALF,,,,2026-07-12,No,5,0,0,6,0,0,0,11,,,1,1,
OR-F00384,Open,Clackamas,5,AFH,Medicaid,,,2026-07-12,Yes,3,0,0,4,0,0,0,7,,,1,1,
OR-F00091,Open,Clackamas,5,AFH,Medicaid,,,2026-07-12,Yes,2,0,0,0,0,0,0,2,,,1,1,
OR-F00011,Open,Clackamas,5,AFH,Medicaid,,,2026-07-12,Yes,3,0,0,0,0,0,0,3,,,1,1,
OR-F00129,Open,Clackamas,3,AFH,,,,2026-07-12,No,0,0,0,0,0,0,0,0,,,1,1,
OR-F00352,Open,Clackamas,15,RCF,Medicaid,,,2026-07-12,Yes,3,0,1,0,0,0,1,4,,,1,1,
OR-F00473,Open,Clackamas,5,AFH,Medicaid,,,2026-07-12,Yes,4,0,0,4,0,0,0,8,,,1,1,
OR-F00418,Open,Clackamas,5,AFH,,,,2026-07-12,No,3,0,0,3,0,0,0,6,,,1,1,
OR-F00002,Open,Clackamas,1,AFH,,,,2026-07-12,No,1,0,0,0,0,0,0,1,,,1,1,
OR-F00012,Open,Clackamas,5,AFH,,,,2026-07-12,No,0,0,0,0,0,0,0,0,,,1,1,
OR-F00735,Open,Clackamas,5,AFH,Medicaid,,,2026-07-12,Yes,3,0,0,0,0,0,0,3,,,1,1,
OR-F00036,Open,Clackamas,5,AFH,Medicaid,,,2026-07-12,Yes,14,2,1,10,0,0,1,25,,,1,1,
OR-F00753,Open,Clackamas,5,AFH,Medicaid,,,2026-07-12,Yes,3,0,0,5,0,0,0,8,,,1,1,
OR-F00200,Open,Clackamas,7,NF,,,,2026-07-12,No,5,1,0,4,0,0,0,9,,,3,1,
OR-F00309,Open,Clackamas,21,"RCF, Memory Care",,,,2026-07-12,No,3,0,0,2,0,0,0,5,,,3,2,OR031
OR-F00634,Open,Clackamas,50,ALF,,,,2026-07-12,No,2,0,0,9,0,0,0,11,,,3,2,OR031
OR-F00306,Open,Clackamas,47,RCF,,,,2026-07-12,No,2,0,0,5,0,0,0,7,,,1,1,
OR-F00231,Open,Clackamas,5,AFH,Medicaid,,,2026-07-12,Yes,5,0,0,2,0,0,0,7,,,1,1,
OR-F00017,Open,Clackamas,5,AFH,Medicaid,,,2026-07-12,Yes,2,0,0,2,0,0,0,4,,,1,1,
OR-F00196,Open,Clackamas,92,NF,Medicaid,,,2026-07-12,Yes,25,18,2,51,0,0,2,78,,,1,1,
OR-F00589,Open,Clackamas,5,AFH,Medicaid,,,2026-07-12,Yes,3,0,0,1,0,0,0,4,,,1,1,
OR-F00052,Open,Clackamas,5,AFH,,,,2026-07-12,No,2,0,0,12,0,0,0,14,,,1,2,OR030
OR-F00410,Open,Clackamas,5,AFH,Medicaid,,,2026-07-12,Yes,7,0,0,5,0,0,0,12,,,1,1,
OR-F00037,Open,Clackamas,5,AFH,Medicaid,,,2026-07-12,Yes,2,0,0,1,0,0,0,3,,,1,1,
