facility_id,County,n_inspections,n_investigations,n_enforcement,n_limitations,n_other,n_docs_total,n_civil_fines,n_stop_placement,n_conditions,years_present,latest_year,latest_enforcement_year,fetch_status
OR-F00509,Washington,3,1,0,3,0,6,0,0,0,,,,ok
OR-F00083,Washington,0,0,0,0,0,0,0,0,0,,,,ok
OR-F00768,Washington,3,0,0,1,0,4,0,0,0,,,,ok
OR-F00240,Washington,3,0,0,2,0,5,0,0,0,,,,ok
OR-F00767,Washington,4,0,1,4,0,9,0,0,1,,,,ok
OR-F00228,Washington,5,1,0,3,0,8,0,0,0,,,,ok
OR-F00453,Washington,3,0,0,7,0,10,0,0,0,,,,ok
OR-F00289,Washington,3,0,0,2,0,5,0,0,0,,,,ok
OR-F00173,Washington,4,0,0,0,0,4,0,0,0,,,,ok
OR-F00561,Washington,3,0,1,1,0,5,0,0,1,,,,ok
OR-F00553,Washington,4,1,0,9,0,13,0,0,0,,,,ok
OR-F00762,Washington,2,0,0,3,0,5,0,0,0,,,,ok
OR-F00141,Washington,3,0,0,0,0,3,0,0,0,,,,ok
OR-F00108,Washington,0,0,0,0,0,0,0,0,0,,,,ok
OR-F00710,Washington,3,1,0,1,0,4,0,0,0,,,,ok
OR-F00532,Washington,5,0,1,4,0,10,0,0,1,,,,ok
OR-F00079,Washington,0,0,0,0,0,0,0,0,0,,,,ok
OR-F00626,Washington,3,0,0,1,0,4,0,0,0,,,,ok
OR-F00429,Washington,3,0,0,1,0,4,0,0,0,,,,ok
OR-F00234,Washington,3,0,1,1,0,5,0,0,1,,,,ok
OR-F00615,Washington,3,0,0,2,0,5,0,0,0,,,,ok
OR-F00736,Washington,5,0,0,3,0,8,0,0,0,,,,ok
OR-F00698,Washington,5,1,0,3,0,8,0,0,0,,,,ok
OR-F00027,Washington,0,0,0,0,0,0,0,0,0,,,,ok
OR-F00442,Washington,3,0,0,0,0,3,0,0,0,,,,ok
OR-F00516,Washington,3,0,0,0,0,3,0,0,0,,,,ok
OR-F00759,Washington,1,0,0,0,0,1,0,0,0,,,,ok
OR-F00400,Washington,3,0,0,0,0,3,0,0,0,,,,ok
OR-F00416,Washington,6,4,0,3,0,9,0,0,0,,,,ok
OR-F00621,Washington,0,0,0,0,0,0,0,0,0,,,,ok
OR-F00430,Washington,4,0,0,3,0,7,0,0,0,,,,ok
OR-F00444,Washington,4,1,0,4,0,8,0,0,0,,,,ok
OR-F00123,Washington,0,0,0,0,0,0,0,0,0,,,,ok
OR-F00470,Washington,3,0,0,0,0,3,0,0,0,,,,ok
OR-F00569,Washington,1,0,0,0,0,1,0,0,0,,,,ok
OR-F00144,Washington,1,0,0,0,0,1,0,0,0,,,,ok
OR-F00090,Washington,0,0,0,0,0,0,0,0,0,,,,ok
OR-F00711,Washington,7,2,0,8,0,15,0,0,0,,,,ok
OR-F00619,Washington,11,5,1,13,0,25,0,0,1,,,,ok
OR-F00053,Washington,0,0,0,0,0,0,0,0,0,,,,ok
OR-F00748,Washington,3,0,1,1,0,5,0,0,1,,,,ok
OR-F00778,Washington,1,0,0,0,0,1,0,0,0,,,,ok
OR-F00716,Washington,1,0,0,0,0,1,0,0,0,,,,ok
OR-F00476,Washington,3,0,0,5,0,8,0,0,0,,,,ok
OR-F00139,Washington,5,3,0,7,0,12,0,0,0,,,,ok
OR-F00424,Washington,16,5,0,11,0,27,0,0,0,,,,ok
OR-F00601,Washington,5,2,0,3,0,8,0,0,0,,,,ok
OR-F00541,Washington,3,0,0,0,0,3,0,0,0,,,,ok
OR-F00745,Washington,0,0,0,0,0,0,0,0,0,,,,ok
OR-F00588,Washington,0,0,0,0,0,0,0,0,0,,,,ok
OR-F00093,Washington,0,0,0,0,0,0,0,0,0,,,,ok
OR-F00178,Washington,1,0,0,1,0,2,0,0,0,,,,ok
OR-F00257,Washington,7,1,1,9,0,17,0,0,1,,,,ok
OR-F00193,Washington,4,0,0,3,0,7,0,0,0,,,,ok
OR-F00720,Washington,3,0,0,1,0,4,0,0,0,,,,ok
OR-F00321,Washington,5,2,1,45,0,51,0,0,1,,,,ok
OR-F00642,Washington,5,2,0,34,0,39,0,0,0,,,,ok
OR-F00577,Washington,3,1,1,48,0,52,0,0,1,,,,ok
OR-F00683,Washington,7,5,4,73,0,84,0,0,4,,,,ok
OR-F00667,Washington,8,5,6,148,0,162,0,0,6,,,,ok
OR-F00575,Washington,2,0,0,41,0,43,0,0,0,,,,ok
OR-F00679,Washington,3,1,0,57,0,60,0,0,0,,,,ok
OR-F00206,Washington,0,0,0,29,0,29,0,0,0,,,,ok
OR-F00195,Washington,0,0,2,63,0,65,0,0,2,,,,ok
OR-F00378,Washington,4,1,0,2,0,6,0,0,0,,,,ok
OR-F00393,Washington,3,0,0,4,0,7,0,0,0,,,,ok
OR-F00077,Washington,0,0,0,0,0,0,0,0,0,,,,ok
OR-F00584,Washington,3,0,1,2,0,6,0,0,1,,,,ok
OR-F00504,Washington,4,1,0,2,0,6,0,0,0,,,,ok
OR-F00199,Washington,0,0,1,29,0,30,0,0,1,,,,ok
OR-F00455,Washington,4,0,0,7,0,11,0,0,0,,,,ok
OR-F00544,Washington,3,0,0,4,0,7,0,0,0,,,,ok
OR-F00112,Washington,0,0,0,0,0,0,0,0,0,,,,ok
OR-F00766,Washington,1,0,0,0,0,1,0,0,0,,,,ok
OR-F00765,Washington,2,0,0,1,0,3,0,0,0,,,,ok
OR-F00566,Washington,4,0,0,1,0,5,0,0,0,,,,ok
OR-F00625,Washington,3,0,0,1,0,4,0,0,0,,,,ok
OR-F00247,Washington,1,0,1,0,0,2,0,0,1,,,,ok
OR-F00643,Washington,5,3,4,42,0,51,0,0,4,,,,ok
OR-F00339,Washington,3,1,1,39,0,43,0,0,1,,,,ok
OR-F00537,Washington,0,0,0,0,0,0,0,0,0,,,,ok
OR-F00742,Washington,3,0,0,2,0,5,0,0,0,,,,ok
OR-F00296,Washington,7,4,5,95,0,107,0,0,5,,,,ok
OR-F00351,Washington,3,0,0,4,0,7,0,0,0,,,,ok
OR-F00629,Washington,2,0,1,14,0,17,0,0,1,,,,ok
OR-F00456,Washington,4,1,0,1,0,5,0,0,0,,,,ok
OR-F00542,Washington,21,13,2,20,0,43,0,0,2,,,,ok
OR-F00522,Washington,3,0,0,0,0,3,0,0,0,,,,ok
OR-F00563,Washington,4,0,0,1,0,5,0,0,0,,,,ok
OR-F00278,Washington,5,0,0,0,0,5,0,0,0,,,,ok
OR-F00403,Washington,4,1,0,4,0,8,0,0,0,,,,ok
OR-F00528,Washington,4,1,0,7,0,11,0,0,0,,,,ok
OR-F00184,Washington,6,1,0,3,0,9,0,0,0,,,,ok
OR-F00104,Washington,0,0,0,0,0,0,0,0,0,,,,ok
OR-F00757,Washington,1,0,0,0,0,1,0,0,0,,,,ok
OR-F00727,Washington,1,0,0,0,0,1,0,0,0,,,,ok
OR-F00396,Washington,3,0,0,3,0,6,0,0,0,,,,ok
OR-F00142,Washington,1,0,0,0,0,1,0,0,0,,,,ok
OR-F00567,Washington,3,0,0,1,0,4,0,0,0,,,,ok
OR-F00572,Washington,3,0,0,73,0,76,0,0,0,,,,ok
OR-F00616,Washington,1,0,0,1,0,2,0,0,0,,,,ok
OR-F00512,Washington,3,0,0,2,0,5,0,0,0,,,,ok
OR-F00107,Washington,0,0,0,0,0,0,0,0,0,,,,ok
OR-F00140,Washington,5,2,0,4,0,9,0,0,0,,,,ok
OR-F00595,Washington,5,2,0,3,0,8,0,0,0,,,,ok
OR-F00075,Washington,0,0,0,0,0,0,0,0,0,,,,ok
OR-F00366,Washington,0,0,0,8,0,8,0,0,0,,,,ok
OR-F00462,Washington,3,0,0,1,0,4,0,0,0,,,,ok
OR-F00368,Washington,0,0,0,1,0,1,0,0,0,,,,ok
OR-F00367,Washington,0,0,0,2,0,2,0,0,0,,,,ok
OR-F00464,Washington,3,0,0,0,0,3,0,0,0,,,,ok
OR-F00707,Washington,2,0,0,1,0,3,0,0,0,,,,ok
OR-F00658,Washington,12,10,4,63,0,79,0,0,4,,,,ok
OR-F00058,Washington,0,0,0,0,0,0,0,0,0,,,,ok
OR-F00232,Washington,2,0,0,2,0,4,0,0,0,,,,ok
OR-F00019,Washington,0,0,0,0,0,0,0,0,0,,,,ok
OR-F00109,Washington,0,0,0,0,0,0,0,0,0,,,,ok
OR-F00581,Washington,3,0,0,0,0,3,0,0,0,,,,ok
OR-F00158,Washington,1,0,0,0,0,1,0,0,0,,,,ok
OR-F00558,Washington,3,0,0,2,0,5,0,0,0,,,,ok
OR-F00086,Washington,0,0,0,0,0,0,0,0,0,,,,ok
OR-F00481,Washington,3,0,0,1,0,4,0,0,0,,,,ok
OR-F00076,Washington,0,0,0,0,0,0,0,0,0,,,,ok
OR-F00087,Washington,0,0,0,0,0,0,0,0,0,,,,ok
OR-F00051,Washington,0,0,0,0,0,0,0,0,0,,,,ok
OR-F00273,Washington,3,0,0,6,0,9,0,0,0,,,,ok
OR-F00705,Washington,3,0,0,2,0,5,0,0,0,,,,ok
OR-F00073,Washington,0,0,0,0,0,0,0,0,0,,,,ok
OR-F00159,Washington,6,1,0,2,0,8,0,0,0,,,,ok
OR-F00404,Washington,3,0,0,3,0,6,0,0,0,,,,ok
OR-F00132,Washington,0,0,0,0,0,0,0,0,0,,,,ok
OR-F00067,Washington,0,0,0,0,0,0,0,0,0,,,,ok
OR-F00782,Washington,6,1,1,1,0,8,0,0,1,,,,ok
OR-F00691,Washington,1,0,0,2,0,3,0,0,0,,,,ok
OR-F00390,Washington,24,1,6,20,0,50,0,0,6,,,,ok
OR-F00540,Washington,3,0,0,1,0,4,0,0,0,,,,ok
OR-F00373,Washington,4,0,0,2,0,6,0,0,0,,,,ok
OR-F00166,Washington,10,2,0,11,0,21,0,0,0,,,,ok
OR-F00310,Washington,4,1,3,34,0,41,0,0,3,,,,ok
OR-F00635,Washington,3,0,1,34,0,38,0,0,1,,,,ok
OR-F00256,Washington,3,0,0,1,0,4,0,0,0,,,,ok
OR-F00521,Washington,6,2,1,6,0,13,0,0,1,,,,ok
OR-F00605,Washington,3,0,0,1,0,4,0,0,0,,,,ok
OR-F00299,Washington,5,2,4,12,0,21,0,0,4,,,,ok
OR-F00047,Washington,0,0,0,0,0,0,0,0,0,,,,ok
OR-F00397,Washington,4,0,0,2,0,6,0,0,0,,,,ok
OR-F00447,Washington,7,2,0,2,0,9,0,0,0,,,,ok
OR-F00095,Washington,0,0,0,0,0,0,0,0,0,,,,ok
OR-F00081,Washington,0,0,0,0,0,0,0,0,0,,,,ok
OR-F00270,Washington,6,4,0,7,0,13,0,0,0,,,,ok
OR-F00177,Washington,2,0,0,1,0,3,0,0,0,,,,ok
OR-F00771,Washington,2,0,0,0,0,2,0,0,0,,,,ok
OR-F00624,Washington,3,0,0,3,0,6,0,0,0,,,,ok
OR-F00225,Washington,4,1,0,2,0,6,0,0,0,,,,ok
OR-F00265,Washington,3,0,0,7,0,10,0,0,0,,,,ok
OR-F00586,Washington,6,3,0,9,0,15,0,0,0,,,,ok
OR-F00695,Washington,0,0,0,0,0,0,0,0,0,,,,ok
OR-F00229,Washington,2,0,0,0,0,2,0,0,0,,,,ok
OR-F00277,Washington,3,0,0,0,0,3,0,0,0,,,,ok
OR-F00084,Washington,0,0,0,0,0,0,0,0,0,,,,ok
OR-F00267,Washington,3,0,0,4,0,7,0,0,0,,,,ok
OR-F00478,Washington,6,0,0,12,0,18,0,0,0,,,,ok
OR-F00741,Washington,4,2,0,1,0,5,0,0,0,,,,ok
OR-F00137,Washington,0,0,0,0,0,0,0,0,0,,,,ok
OR-F00749,Washington,4,0,0,2,0,6,0,0,0,,,,ok
OR-F00323,Washington,4,1,0,31,0,35,0,0,0,,,,ok
OR-F00227,Washington,6,2,1,2,0,9,0,0,1,,,,ok
OR-F00293,Washington,3,0,1,48,0,52,0,0,1,,,,ok
OR-F00028,Washington,0,0,0,0,0,0,0,0,0,,,,ok
OR-F00417,Washington,2,0,0,3,0,5,0,0,0,,,,ok
OR-F00018,Washington,0,0,0,0,0,0,0,0,0,,,,ok
OR-F00146,Washington,3,0,0,1,0,4,0,0,0,,,,ok
OR-F00568,Washington,1,0,0,0,0,1,0,0,0,,,,ok
OR-F00406,Washington,5,1,1,15,0,21,0,0,1,,,,ok
OR-F00547,Washington,3,0,0,4,0,7,0,0,0,,,,ok
OR-F00316,Washington,5,1,0,17,0,22,0,0,0,,,,ok
OR-F00335,Washington,4,1,0,6,0,10,0,0,0,,,,ok
OR-F00326,Washington,4,1,1,8,0,13,0,0,1,,,,ok
OR-F00660,Washington,3,0,1,12,0,16,0,0,1,,,,ok
OR-F00328,Washington,1,0,0,23,0,24,0,0,0,,,,ok
OR-F00197,Washington,0,0,0,77,0,77,0,0,0,,,,ok
OR-F00590,Washington,3,0,0,5,0,8,0,0,0,,,,ok
OR-F00783,Washington,2,1,0,0,0,2,0,0,0,,,,ok
OR-F00435,Washington,3,0,0,3,0,6,0,0,0,,,,ok
OR-F00411,Washington,3,0,0,2,0,5,0,0,0,,,,ok
OR-F00266,Washington,2,0,0,1,0,3,0,0,0,,,,ok
OR-F00712,Washington,5,1,19,2,0,26,0,0,19,,,,ok
OR-F00706,Washington,1,0,0,5,0,6,0,0,0,,,,ok
OR-F00211,Washington,2,0,0,0,0,2,0,0,0,,,,ok
OR-F00730,Washington,3,0,0,2,0,5,0,0,0,,,,ok
OR-F00543,Washington,2,0,0,0,0,2,0,0,0,,,,ok
OR-F00500,Washington,3,0,0,4,0,7,0,0,0,,,,ok
OR-F00597,Washington,3,0,0,3,0,6,0,0,0,,,,ok
OR-F00719,Washington,5,2,0,3,0,8,0,0,0,,,,ok
OR-F00253,Washington,2,1,0,0,0,2,0,0,0,,,,ok
OR-F00099,Washington,0,0,0,0,0,0,0,0,0,,,,ok
OR-F00777,Washington,3,0,0,1,0,4,0,0,0,,,,ok
OR-F00780,Washington,5,1,0,1,0,6,0,0,0,,,,ok
OR-F00439,Washington,5,1,0,3,0,8,0,0,0,,,,ok
OR-F00786,Washington,1,0,0,0,0,1,0,0,0,,,,ok
OR-F00571,Washington,21,20,7,154,0,182,0,0,6,,,,ok
OR-F00115,Washington,0,0,0,0,0,0,0,0,0,,,,ok
OR-F00689,Washington,1,0,0,0,0,1,0,0,0,,,,ok
OR-F00774,Washington,3,0,0,0,0,3,0,0,0,,,,ok
OR-F00781,Washington,3,0,0,1,0,4,0,0,0,,,,ok
OR-F00507,Washington,3,0,0,4,0,7,0,0,0,,,,ok
OR-F00518,Washington,3,0,0,0,0,3,0,0,0,,,,ok
OR-F00743,Washington,0,0,0,0,0,0,0,0,0,,,,ok
OR-F00511,Washington,4,1,0,3,0,7,0,0,0,,,,ok
OR-F00728,Washington,3,0,0,0,0,3,0,0,0,,,,ok
OR-F00244,Washington,2,0,0,7,0,9,0,0,0,,,,ok
OR-F00082,Washington,0,0,0,0,0,0,0,0,0,,,,ok
OR-F00203,Washington,0,0,0,43,0,43,0,0,0,,,,ok
OR-F00186,Washington,3,0,0,0,0,3,0,0,0,,,,ok
OR-F00787,Washington,1,0,0,0,0,1,0,0,0,,,,ok
OR-F00750,Washington,3,0,0,0,0,3,0,0,0,,,,ok
OR-F00357,Washington,3,1,1,15,0,19,0,0,1,,,,ok
OR-F00714,Washington,0,0,0,0,0,0,0,0,0,,,,ok
OR-F00287,Washington,3,0,0,2,0,5,0,0,0,,,,ok
OR-F00285,Washington,3,0,0,1,0,4,0,0,0,,,,ok
OR-F00263,Washington,3,0,0,4,0,7,0,0,0,,,,ok
OR-F00248,Washington,4,0,0,2,0,6,0,0,0,,,,ok
OR-F00070,Washington,0,0,0,0,0,0,0,0,0,,,,ok
OR-F00505,Washington,3,0,0,3,0,6,0,0,0,,,,ok
OR-F00156,Washington,1,0,0,0,0,1,0,0,0,,,,ok
OR-F00587,Washington,3,0,0,1,0,4,0,0,0,,,,ok
OR-F00164,Washington,9,0,1,9,0,19,0,0,1,,,,ok
OR-F00608,Washington,0,0,0,0,0,0,0,0,0,,,,ok
OR-F00562,Washington,3,0,1,0,0,4,0,0,1,,,,ok
OR-F00238,Washington,8,1,1,2,0,11,0,0,1,,,,ok
OR-F00538,Washington,2,0,2,10,0,14,0,0,2,,,,ok
OR-F00533,Washington,2,0,0,6,0,8,0,0,0,,,,ok
OR-F00534,Washington,7,2,1,13,0,21,0,0,1,,,,ok
OR-F00239,Washington,4,1,0,1,0,5,0,0,0,,,,ok
OR-F00556,Washington,5,1,0,5,0,10,0,0,0,,,,ok
OR-F00633,Washington,2,0,1,15,0,18,0,0,1,,,,ok
OR-F00334,Washington,2,0,1,9,0,12,0,0,1,,,,ok
OR-F00482,Washington,3,0,0,5,0,8,0,0,0,,,,ok
OR-F00760,Washington,7,1,2,8,0,17,0,0,2,,,,ok
OR-F00268,Washington,3,0,0,1,0,4,0,0,0,,,,ok
OR-F00168,Washington,1,0,0,0,0,1,0,0,0,,,,ok
OR-F00761,Washington,5,1,0,2,0,7,0,0,0,,,,ok
OR-F00549,Washington,5,2,0,8,0,13,0,0,0,,,,ok
OR-F00014,Washington,0,0,0,0,0,0,0,0,0,,,,ok
OR-F00483,Washington,4,1,0,6,0,10,0,0,0,,,,ok
OR-F00508,Washington,0,0,0,0,0,0,0,0,0,,,,ok
OR-F00560,Washington,5,2,0,9,0,14,0,0,0,,,,ok
OR-F00295,Washington,5,2,3,59,0,67,0,0,3,,,,ok
OR-F00529,Washington,1,0,0,0,0,1,0,0,0,,,,ok
OR-F00072,Washington,0,0,0,0,0,0,0,0,0,,,,ok
OR-F00756,Washington,6,3,0,5,0,11,0,0,0,,,,ok
OR-F00292,Washington,4,1,0,5,0,9,0,0,0,,,,ok
OR-F00510,Washington,8,5,1,1,0,10,0,0,1,,,,ok
OR-F00039,Washington,0,0,0,0,0,0,0,0,0,,,,ok
OR-F00033,Washington,0,0,0,0,0,0,0,0,0,,,,ok
OR-F00258,Washington,11,1,1,10,0,22,0,0,1,,,,ok
OR-F00620,Washington,1,0,0,0,0,1,0,0,0,,,,ok
OR-F00434,Washington,3,0,0,1,0,4,0,0,0,,,,ok
OR-F00454,Washington,5,1,0,1,0,6,0,0,0,,,,ok
OR-F00646,Washington,2,0,0,22,0,24,0,0,0,,,,ok
OR-F00592,Washington,0,0,0,1,0,1,0,0,0,,,,ok
OR-F00020,Washington,0,0,0,0,0,0,0,0,0,,,,ok
OR-F00254,Washington,7,4,2,4,0,13,0,0,2,,,,ok
OR-F00726,Washington,2,0,0,1,0,3,0,0,0,,,,ok
OR-F00015,Washington,0,0,0,0,0,0,0,0,0,,,,ok
OR-F00147,Washington,9,2,1,5,0,15,0,0,1,,,,ok
OR-F00222,Washington,6,2,0,3,0,9,0,0,0,,,,ok
OR-F00784,Washington,13,8,1,16,0,30,0,0,1,,,,ok
OR-F00775,Washington,2,0,0,3,0,5,0,0,0,,,,ok
OR-F00113,Washington,0,0,0,0,0,0,0,0,0,,,,ok
OR-F00128,Washington,0,0,0,0,0,0,0,0,0,,,,ok
OR-F00499,Washington,3,0,0,2,0,5,0,0,0,,,,ok
OR-F00172,Washington,3,2,0,1,0,4,0,0,0,,,,ok
OR-F00729,Washington,5,0,7,5,0,17,0,0,7,,,,ok
OR-F00443,Washington,3,0,0,1,0,4,0,0,0,,,,ok
OR-F00551,Washington,5,2,0,2,0,7,0,0,0,,,,ok
OR-F00276,Washington,3,0,0,0,0,3,0,0,0,,,,ok
OR-F00274,Washington,3,0,0,0,0,3,0,0,0,,,,ok
OR-F00438,Washington,4,1,0,1,0,5,0,0,0,,,,ok
OR-F00071,Washington,0,0,0,0,0,0,0,0,0,,,,ok
OR-F00535,Washington,1,0,0,0,0,1,0,0,0,,,,ok
OR-F00492,Washington,4,0,0,6,0,10,0,0,0,,,,ok
OR-F00021,Washington,0,0,0,9,0,9,0,0,0,,,,ok
OR-F00241,Washington,1,0,0,0,0,1,0,0,0,,,,ok
OR-F00291,Washington,3,0,0,3,0,6,0,0,0,,,,ok
OR-F00603,Washington,1,0,0,0,0,1,0,0,0,,,,ok
OR-F00131,Washington,0,0,0,0,0,0,0,0,0,,,,ok
OR-F00065,Washington,0,0,0,0,0,0,0,0,0,,,,ok
OR-F00183,Washington,0,0,0,4,0,4,0,0,0,,,,ok
OR-F00751,Washington,3,0,0,5,0,8,0,0,0,,,,ok
OR-F00152,Washington,1,0,0,0,0,1,0,0,0,,,,ok
OR-F00245,Washington,4,1,0,1,0,5,0,0,0,,,,ok
OR-F00433,Washington,3,0,0,2,0,5,0,0,0,,,,ok
OR-F00448,Washington,6,0,3,11,0,20,0,0,3,,,,ok
OR-F00527,Washington,4,1,0,3,0,7,0,0,0,,,,ok
OR-F00489,Washington,4,2,0,3,0,7,0,0,0,,,,ok
OR-F00212,Washington,0,0,0,15,0,15,0,0,0,,,,ok
OR-F00297,Washington,3,0,0,7,0,10,0,0,0,,,,ok
OR-F00674,Washington,2,0,0,36,0,38,0,0,0,,,,ok
OR-F00202,Washington,0,0,0,13,0,13,0,0,0,,,,ok
OR-F00648,Washington,3,0,1,5,0,9,0,0,1,,,,ok
OR-F00607,Washington,3,0,0,2,0,5,0,0,0,,,,ok
OR-F00160,Washington,3,0,0,2,0,5,0,0,0,,,,ok
OR-F00198,Washington,0,0,1,118,0,119,0,0,1,,,,ok
OR-F00331,Washington,2,0,1,20,0,23,0,0,1,,,,ok
OR-F00392,Washington,3,0,0,2,0,5,0,0,0,,,,ok
OR-F00175,Washington,3,0,0,1,0,4,0,0,0,,,,ok
OR-F00628,Washington,1,0,0,0,0,1,0,0,0,,,,ok
OR-F00506,Washington,6,3,0,2,0,8,0,0,0,,,,ok
OR-F00167,Washington,3,0,0,4,0,7,0,0,0,,,,ok
OR-F00189,Washington,0,0,0,4,0,4,0,0,0,,,,ok
OR-F00617,Washington,4,1,0,2,0,6,0,0,0,,,,ok
OR-F00606,Washington,3,0,0,0,0,3,0,0,0,,,,ok
OR-F00690,Washington,4,0,0,0,0,4,0,0,0,,,,ok
OR-F00649,Washington,5,2,1,26,0,32,0,0,1,,,,ok
OR-F00341,Washington,3,0,1,13,0,17,0,0,1,,,,ok
OR-F00657,Washington,0,0,0,0,0,0,0,0,0,,,,ok
OR-F00652,Washington,4,1,0,6,0,10,0,0,0,,,,ok
OR-F00350,Washington,3,0,2,13,0,18,0,0,2,,,,ok
OR-F00548,Washington,2,0,0,0,0,2,0,0,0,,,,ok
OR-F00162,Washington,7,3,1,9,0,17,0,0,1,,,,ok
OR-F00236,Washington,8,3,1,8,0,17,0,0,1,,,,ok
OR-F00713,Washington,11,3,1,7,0,19,0,0,1,,,,ok
OR-F00769,Washington,1,0,0,0,0,1,0,0,0,,,,ok
OR-F00125,Washington,0,0,0,0,0,0,0,0,0,,,,ok
OR-F00488,Washington,3,0,0,0,0,3,0,0,0,,,,ok
OR-F00038,Washington,0,0,0,0,0,0,0,0,0,,,,ok
OR-F00468,Washington,4,0,0,0,0,4,0,0,0,,,,ok
OR-F00702,Washington,3,0,0,0,0,3,0,0,0,,,,ok
OR-F00423,Washington,5,1,1,2,0,8,0,0,1,,,,ok
OR-F00770,Washington,2,0,0,1,0,3,0,0,0,,,,ok
OR-F00611,Washington,7,2,1,8,0,16,0,0,1,,,,ok
OR-F00591,Washington,4,2,1,2,0,7,0,0,1,,,,ok
OR-F00066,Washington,0,0,0,0,0,0,0,0,0,,,,ok
OR-F00425,Washington,4,2,1,10,0,15,0,0,1,,,,ok
OR-F00465,Washington,5,1,0,2,0,7,0,0,0,,,,ok
OR-F00376,Washington,3,0,0,5,0,8,0,0,0,,,,ok
OR-F00694,Washington,3,0,0,2,0,5,0,0,0,,,,ok
OR-F00494,Washington,4,1,0,0,0,4,0,0,0,,,,ok
OR-F00559,Washington,3,0,0,1,0,4,0,0,0,,,,ok
OR-F00650,Washington,3,0,1,33,0,37,0,0,1,,,,ok
OR-F00345,Washington,5,2,2,43,0,50,0,0,2,,,,ok
OR-F00127,Washington,0,0,0,0,0,0,0,0,0,,,,ok
OR-F00343,Washington,5,3,0,13,0,18,0,0,0,,,,ok
OR-F00057,Washington,0,0,0,0,0,0,0,0,0,,,,ok
OR-F00582,Washington,1,0,0,0,0,1,0,0,0,,,,ok
OR-F00085,Washington,0,0,0,0,0,0,0,0,0,,,,ok
OR-F00469,Washington,5,1,0,1,0,6,0,0,0,,,,ok
OR-F00191,Washington,1,0,0,0,0,1,0,0,0,,,,ok
OR-F00709,Washington,3,0,0,2,0,5,0,0,0,,,,ok
OR-F00421,Washington,3,0,0,2,0,5,0,0,0,,,,ok
OR-F00126,Washington,0,0,0,0,0,0,0,0,0,,,,ok
OR-F00243,Washington,4,1,0,1,0,5,0,0,0,,,,ok
OR-F00574,Washington,6,4,2,84,0,92,0,0,2,,,,ok
OR-F00663,Washington,4,2,3,64,0,71,0,0,3,,,,ok
OR-F00539,Washington,5,0,0,1,0,6,0,0,0,,,,ok
OR-F00764,Washington,0,0,0,0,0,0,0,0,0,,,,ok
OR-F00138,Washington,0,0,0,0,0,0,0,0,0,,,,ok
OR-F00708,Washington,0,0,0,4,0,4,0,0,0,,,,ok
OR-F00042,Washington,0,0,0,0,0,0,0,0,0,,,,ok
OR-F00732,Washington,4,0,0,1,0,5,0,0,0,,,,ok
OR-F00023,Washington,0,0,0,0,0,0,0,0,0,,,,ok
OR-F00165,Washington,2,0,0,0,0,2,0,0,0,,,,ok
OR-F00579,Washington,3,0,0,0,0,3,0,0,0,,,,ok
OR-F00068,Washington,0,0,0,0,0,0,0,0,0,,,,ok
OR-F00040,Washington,0,0,0,0,0,0,0,0,0,,,,ok
OR-F00414,Washington,7,5,1,15,0,23,0,0,1,,,,ok
OR-F00788,Washington,3,2,0,0,0,3,0,0,0,,,,ok
OR-F00252,Washington,6,1,0,1,0,7,0,0,0,,,,ok
OR-F00223,Washington,3,0,0,0,0,3,0,0,0,,,,ok
OR-F00682,Washington,10,8,5,69,0,84,0,0,5,,,,ok
OR-F00677,Washington,3,0,0,38,0,41,0,0,0,,,,ok
OR-F00636,Washington,5,2,0,25,0,30,0,0,0,,,,ok
OR-F00313,Washington,4,1,0,25,0,29,0,0,0,,,,ok
OR-F00413,Washington,3,0,0,3,0,6,0,0,0,,,,ok
OR-F00459,Washington,8,1,2,5,0,15,0,0,2,,,,ok
OR-F00294,Washington,4,2,2,59,0,65,0,0,2,,,,ok
OR-F00669,Washington,2,0,0,22,0,24,0,0,0,,,,ok
OR-F00449,Washington,3,0,0,7,0,10,0,0,0,,,,ok
OR-F00163,Washington,6,3,0,1,0,7,0,0,0,,,,ok
OR-F00405,Washington,1,0,2,0,0,3,0,0,2,,,,ok
OR-F00600,Washington,1,0,0,1,0,2,0,0,0,,,,ok
OR-F00050,Washington,0,0,0,0,0,0,0,0,0,,,,ok
OR-F00062,Washington,0,0,0,0,0,0,0,0,0,,,,ok
OR-F00024,Washington,0,0,0,0,0,0,0,0,0,,,,ok
OR-F00463,Washington,4,1,0,1,0,5,0,0,0,,,,ok
OR-F00480,Washington,3,0,0,0,0,3,0,0,0,,,,ok
OR-F00722,Washington,5,2,0,1,0,6,0,0,0,,,,ok
OR-F00734,Washington,3,0,0,1,0,4,0,0,0,,,,ok
OR-F00520,Washington,2,0,1,2,0,5,1,0,0,,,,ok
OR-F00283,Washington,2,0,1,7,0,10,0,0,1,,,,ok
OR-F00314,Washington,1,0,1,41,0,43,0,0,1,,,,ok
OR-F00670,Washington,6,4,2,117,0,125,0,0,2,,,,ok
OR-F00530,Washington,10,0,1,15,0,26,0,0,1,,,,ok
OR-F00269,Washington,4,1,0,4,0,8,0,0,0,,,,ok
OR-F00181,Washington,4,1,0,1,0,5,0,0,0,,,,ok
OR-F00005,Washington,0,0,0,0,0,0,0,0,0,,,,ok
OR-F00180,Washington,1,0,0,0,0,1,0,0,0,,,,ok
OR-F00290,Washington,3,0,0,3,0,6,0,0,0,,,,ok
OR-F00746,Washington,3,1,0,6,0,9,0,0,0,,,,ok
OR-F00262,Washington,4,1,0,4,0,8,0,0,0,,,,ok
OR-F00097,Washington,0,0,0,0,0,0,0,0,0,,,,ok
OR-F00130,Washington,0,0,0,0,0,0,0,0,0,,,,ok
OR-F00305,Washington,0,0,0,0,0,0,0,0,0,,,,ok
OR-F00209,Washington,1,0,0,0,0,1,0,0,0,,,,ok
OR-F00148,Washington,3,0,0,1,0,4,0,0,0,,,,ok
OR-F00501,Washington,3,0,0,4,0,7,0,0,0,,,,ok
OR-F00502,Washington,3,0,0,3,0,6,0,0,0,,,,ok
OR-F00259,Washington,6,2,0,0,0,6,0,0,0,,,,ok
OR-F00412,Washington,7,0,1,7,0,15,0,0,1,,,,ok
OR-F00426,Washington,3,0,0,0,0,3,0,0,0,,,,ok
OR-F00271,Washington,0,0,0,0,0,0,0,0,0,,,,ok
OR-F00622,Washington,1,0,0,1,0,2,0,0,0,,,,ok
OR-F00064,Washington,0,0,0,0,0,0,0,0,0,,,,ok
OR-F00370,Washington,3,0,0,3,0,6,0,0,0,,,,ok
OR-F00686,Washington,3,0,0,30,0,33,0,0,0,,,,ok
OR-F00192,Washington,3,0,0,4,0,7,0,0,0,,,,ok
OR-F00471,Washington,3,0,0,4,0,7,0,0,0,,,,ok
OR-F00523,Washington,4,1,0,4,0,8,0,0,0,,,,ok
OR-F00151,Washington,1,0,0,0,0,1,0,0,0,,,,ok
OR-F00022,Washington,0,0,0,0,0,0,0,0,0,,,,ok
OR-F00692,Washington,4,1,0,2,0,6,0,0,0,,,,ok
OR-F00585,Washington,9,0,1,1,0,11,0,0,1,,,,ok
OR-F00747,Washington,6,1,0,3,0,9,0,0,0,,,,ok
OR-F00110,Washington,0,0,0,0,0,0,0,0,0,,,,ok
OR-F00250,Washington,3,0,0,3,0,6,0,0,0,,,,ok
OR-F00386,Washington,3,0,0,3,0,6,0,0,0,,,,ok
OR-F00715,Washington,2,0,0,0,0,2,0,0,0,,,,ok
OR-F00613,Washington,3,1,0,1,0,4,0,0,0,,,,ok
OR-F00724,Washington,13,5,1,5,0,19,0,0,1,,,,ok
OR-F00554,Washington,1,0,0,0,0,1,0,0,0,,,,ok
OR-F00651,Washington,3,0,0,3,0,6,0,0,0,,,,ok
OR-F00656,Washington,1,0,0,7,0,8,0,0,0,,,,ok
OR-F00365,Washington,1,0,0,7,0,8,0,0,0,,,,ok
OR-F00347,Washington,4,1,0,17,0,21,0,0,0,,,,ok
OR-F00664,Washington,3,0,0,15,0,18,0,0,0,,,,ok
OR-F00638,Washington,5,1,0,10,0,15,0,0,0,,,,ok
OR-F00639,Washington,3,0,0,16,0,19,0,0,0,,,,ok
OR-F00149,Washington,1,0,0,0,0,1,0,0,0,,,,ok
OR-F00161,Washington,4,1,0,8,0,12,0,0,0,,,,ok
OR-F00219,Washington,0,0,3,93,0,96,0,0,3,,,,ok
OR-F00598,Washington,4,1,0,2,0,6,0,0,0,,,,ok
OR-F00116,Washington,0,0,0,0,0,0,0,0,0,,,,ok
OR-F00344,Washington,3,1,1,38,0,42,0,0,1,,,,ok
OR-F00701,Washington,1,0,0,0,0,1,0,0,0,,,,ok
OR-F00602,Washington,6,1,0,1,0,7,0,0,0,,,,ok
OR-F00388,Washington,4,0,1,6,0,11,0,0,1,,,,ok
OR-F00176,Washington,4,0,0,1,0,5,0,0,0,,,,ok
OR-F00122,Washington,0,0,0,0,0,0,0,0,0,,,,ok
OR-F00578,Washington,1,0,0,0,0,1,0,0,0,,,,ok
OR-F00614,Washington,0,0,0,0,0,0,0,0,0,,,,ok
OR-F00420,Washington,4,0,1,7,0,12,0,0,1,,,,ok
OR-F00552,Washington,3,0,0,2,0,5,0,0,0,,,,ok
OR-F00531,Washington,4,0,0,16,0,20,0,0,0,,,,ok
OR-F00776,Washington,1,0,0,0,0,1,0,0,0,,,,ok
OR-F00332,Washington,4,2,3,105,0,112,0,0,3,,,,ok
OR-F00340,Washington,15,12,2,185,0,202,0,0,2,,,,ok
OR-F00089,Washington,0,0,0,0,0,0,0,0,0,,,,ok
OR-F00772,Washington,3,0,0,5,0,8,0,0,0,,,,ok
OR-F00684,Washington,2,0,1,19,0,22,0,0,1,,,,ok
OR-F00754,Washington,0,0,0,0,0,0,0,0,0,,,,ok
OR-F00220,Washington,3,0,0,0,0,3,0,0,0,,,,ok
OR-F00497,Washington,2,0,0,3,0,5,0,0,0,,,,ok
OR-F00697,Washington,3,0,0,2,0,5,0,0,0,,,,ok
OR-F00785,Washington,0,0,0,3,0,3,0,0,0,,,,ok
OR-F00060,Washington,0,0,0,0,0,0,0,0,0,,,,ok
OR-F00407,Washington,3,0,0,2,0,5,0,0,0,,,,ok
OR-F00583,Washington,0,0,0,0,0,0,0,0,0,,,,ok
OR-F00032,Clackamas,1,0,0,2,0,3,0,0,0,,,,ok
OR-F00026,Clackamas,1,0,0,0,0,1,0,0,0,,,,ok
OR-F00733,Clackamas,4,0,0,0,0,4,0,0,0,,,,ok
OR-F00237,Clackamas,6,0,0,3,0,9,0,0,0,,,,ok
OR-F00006,Clackamas,3,0,0,0,0,3,0,0,0,,,,ok
OR-F00402,Clackamas,4,0,1,5,0,10,0,0,1,,,,ok
OR-F00699,Clackamas,4,0,0,0,0,4,0,0,0,,,,ok
OR-F00773,Clackamas,4,0,0,0,0,4,0,0,0,,,,ok
OR-F00717,Clackamas,5,1,0,2,0,7,0,0,0,,,,ok
OR-F00169,Clackamas,1,0,0,0,0,1,0,0,0,,,,ok
OR-F00437,Clackamas,4,0,0,0,0,4,0,0,0,,,,ok
OR-F00704,Clackamas,7,0,0,0,0,7,0,0,0,,,,ok
OR-F00440,Clackamas,6,0,0,8,0,14,0,0,0,,,,ok
OR-F00593,Clackamas,5,0,0,1,0,6,0,0,0,,,,ok
OR-F00721,Clackamas,16,0,6,10,0,32,0,0,6,,,,ok
OR-F00394,Clackamas,4,1,0,1,0,5,0,0,0,,,,ok
OR-F00546,Clackamas,1,0,0,0,0,1,0,0,0,,,,ok
OR-F00190,Clackamas,3,0,0,2,0,5,0,0,0,,,,ok
OR-F00493,Clackamas,3,0,0,2,0,5,0,0,0,,,,ok
OR-F00474,Clackamas,4,0,0,0,0,4,0,0,0,,,,ok
OR-F00472,Clackamas,3,0,0,0,0,3,0,0,0,,,,ok
OR-F00059,Clackamas,0,0,0,0,0,0,0,0,0,,,,ok
OR-F00450,Clackamas,4,0,0,3,0,7,0,0,0,,,,ok
OR-F00422,Clackamas,3,0,0,0,0,3,0,0,0,,,,ok
OR-F00371,Clackamas,3,0,0,1,0,4,0,0,0,,,,ok
OR-F00536,Clackamas,3,0,0,1,0,4,0,0,0,,,,ok
OR-F00477,Clackamas,5,0,0,3,0,8,0,0,0,,,,ok
OR-F00102,Clackamas,1,0,0,0,0,1,0,0,0,,,,ok
OR-F00233,Clackamas,0,0,0,0,0,0,0,0,0,,,,ok
OR-F00298,Clackamas,3,1,0,9,0,12,0,0,0,,,,ok
OR-F00576,Clackamas,3,0,0,32,0,35,0,0,0,,,,ok
OR-F00681,Clackamas,3,1,0,18,0,21,0,0,0,,,,ok
OR-F00201,Clackamas,9,8,1,35,0,45,0,0,1,,,,ok
OR-F00194,Clackamas,18,17,1,92,0,111,0,0,1,,,,ok
OR-F00348,Clackamas,3,0,0,1,0,4,0,0,0,,,,ok
OR-F00790,Clackamas,7,0,0,2,0,9,0,0,0,,,,ok
OR-F00359,Clackamas,8,5,4,25,0,37,0,0,4,,,,ok
OR-F00251,Clackamas,1,0,0,0,0,1,0,0,0,,,,ok
OR-F00519,Clackamas,4,0,0,2,0,6,0,0,0,,,,ok
OR-F00382,Clackamas,5,0,0,5,0,10,0,0,0,,,,ok
OR-F00092,Clackamas,2,0,0,0,0,2,0,0,0,,,,ok
OR-F00171,Clackamas,8,0,0,2,0,10,0,0,0,,,,ok
OR-F00154,Clackamas,14,0,1,4,0,19,0,0,1,,,,ok
OR-F00631,Clackamas,2,0,0,0,0,2,0,0,0,,,,ok
OR-F00301,Clackamas,2,0,0,0,0,2,0,0,0,,,,ok
OR-F00609,Clackamas,5,0,0,0,0,5,0,0,0,,,,ok
OR-F00300,Clackamas,8,3,3,145,0,156,0,0,3,,,,ok
OR-F00303,Clackamas,6,2,3,35,0,44,0,0,3,,,,ok
OR-F00016,Clackamas,2,0,0,0,0,2,0,0,0,,,,ok
OR-F00282,Clackamas,5,0,0,1,0,6,0,0,0,,,,ok
OR-F00187,Clackamas,4,0,1,0,0,5,0,0,1,,,,ok
OR-F00680,Clackamas,5,2,2,56,0,63,0,0,2,,,,ok
OR-F00242,Clackamas,4,0,0,0,0,4,0,0,0,,,,ok
OR-F00155,Clackamas,2,0,0,1,0,3,0,0,0,,,,ok
OR-F00627,Clackamas,3,0,0,1,0,4,0,0,0,,,,ok
OR-F00737,Clackamas,14,2,0,5,0,19,0,0,0,,,,ok
OR-F00275,Clackamas,5,0,0,1,0,6,0,0,0,,,,ok
OR-F00224,Clackamas,9,2,0,3,0,12,0,0,0,,,,ok
OR-F00362,Clackamas,3,0,0,1,0,4,0,0,0,,,,ok
OR-F00451,Clackamas,3,0,0,1,0,4,0,0,0,,,,ok
OR-F00791,Clackamas,2,0,0,0,0,2,0,0,0,,,,ok
OR-F00484,Clackamas,7,1,0,4,0,11,0,0,0,,,,ok
OR-F00763,Clackamas,1,0,0,0,0,1,0,0,0,,,,ok
OR-F00304,Clackamas,7,3,0,23,0,30,0,0,0,,,,ok
OR-F00486,Clackamas,7,0,1,8,0,16,0,0,1,,,,ok
OR-F00101,Clackamas,0,0,0,0,0,0,0,0,0,,,,ok
OR-F00044,Clackamas,1,0,0,0,0,1,0,0,0,,,,ok
OR-F00431,Clackamas,3,0,0,0,0,3,0,0,0,,,,ok
OR-F00409,Clackamas,8,0,1,6,0,15,0,0,1,,,,ok
OR-F00281,Clackamas,6,0,0,7,0,13,0,0,0,,,,ok
OR-F00153,Clackamas,5,1,0,0,0,5,0,0,0,,,,ok
OR-F00312,Clackamas,4,1,0,46,0,50,0,0,0,,,,ok
OR-F00330,Clackamas,3,0,0,12,0,15,0,0,0,,,,ok
OR-F00725,Clackamas,8,0,0,1,0,9,0,0,0,,,,ok
OR-F00398,Clackamas,4,0,0,0,0,4,0,0,0,,,,ok
OR-F00485,Clackamas,3,0,0,2,0,5,0,0,0,,,,ok
OR-F00286,Clackamas,3,0,0,1,0,4,0,0,0,,,,ok
OR-F00466,Clackamas,7,0,1,9,0,17,0,0,1,,,,ok
OR-F00490,Clackamas,3,0,0,0,0,3,0,0,0,,,,ok
OR-F00246,Clackamas,4,0,0,0,0,4,0,0,0,,,,ok
OR-F00179,Clackamas,3,0,0,0,0,3,0,0,0,,,,ok
OR-F00659,Clackamas,6,1,1,35,0,42,0,0,1,,,,ok
OR-F00738,Clackamas,2,0,0,0,0,2,0,0,0,,,,ok
OR-F00170,Clackamas,3,0,0,2,0,5,0,0,0,,,,ok
OR-F00550,Clackamas,8,1,0,20,0,28,0,0,0,,,,ok
OR-F00230,Clackamas,4,0,0,0,0,4,0,0,0,,,,ok
OR-F00524,Clackamas,5,0,0,4,0,9,0,0,0,,,,ok
OR-F00565,Clackamas,3,0,0,0,0,3,0,0,0,,,,ok
OR-F00723,Clackamas,4,0,0,1,0,5,0,0,0,,,,ok
OR-F00030,Clackamas,3,0,0,0,0,3,0,0,0,,,,ok
OR-F00261,Clackamas,5,0,0,4,0,9,0,0,0,,,,ok
OR-F00460,Clackamas,5,0,0,5,0,10,0,0,0,,,,ok
OR-F00208,Clackamas,5,1,0,1,0,6,0,0,0,,,,ok
OR-F00010,Clackamas,0,0,0,0,0,0,0,0,0,,,,ok
OR-F00594,Clackamas,8,0,0,6,0,14,0,0,0,,,,ok
OR-F00025,Clackamas,4,0,1,8,0,13,0,0,1,,,,ok
OR-F00792,Clackamas,7,0,1,9,0,17,0,0,1,,,,ok
OR-F00385,Clackamas,6,0,0,3,0,9,0,0,0,,,,ok
OR-F00372,Clackamas,3,0,0,3,0,6,0,0,0,,,,ok
OR-F00503,Clackamas,4,1,0,2,0,6,0,0,0,,,,ok
OR-F00046,Clackamas,5,1,0,0,0,5,0,0,0,,,,ok
OR-F00311,Clackamas,5,2,4,29,0,38,0,0,4,,,,ok
OR-F00319,Clackamas,4,1,1,21,0,26,0,0,1,,,,ok
OR-F00338,Clackamas,4,1,3,19,0,26,0,0,3,,,,ok
OR-F00318,Clackamas,3,1,1,30,0,34,0,0,1,,,,ok
OR-F00029,Clackamas,0,0,0,0,0,0,0,0,0,,,,ok
OR-F00375,Clackamas,5,0,0,0,0,5,0,0,0,,,,ok
OR-F00731,Clackamas,6,0,0,7,0,13,0,0,0,,,,ok
OR-F00789,Clackamas,13,0,0,17,0,30,0,0,0,,,,ok
OR-F00074,Clackamas,0,0,0,0,0,0,0,0,0,,,,ok
OR-F00100,Clackamas,0,0,0,0,0,0,0,0,0,,,,ok
OR-F00618,Clackamas,3,0,0,1,0,4,0,0,0,,,,ok
OR-F00088,Clackamas,0,0,0,0,0,0,0,0,0,,,,ok
OR-F00610,Clackamas,5,0,0,4,0,9,0,0,0,,,,ok
OR-F00557,Clackamas,4,0,0,9,0,13,0,0,0,,,,ok
OR-F00387,Clackamas,5,0,0,1,0,6,0,0,0,,,,ok
OR-F00495,Clackamas,3,0,0,0,0,3,0,0,0,,,,ok
OR-F00779,Clackamas,3,0,0,0,0,3,0,0,0,,,,ok
OR-F00041,Clackamas,1,0,0,1,0,2,0,0,0,,,,ok
OR-F00703,Clackamas,6,0,0,3,0,9,0,0,0,,,,ok
OR-F00218,Clackamas,8,3,1,29,0,38,0,0,1,,,,ok
OR-F00124,Clackamas,0,0,0,0,0,0,0,0,0,,,,ok
OR-F00432,Clackamas,6,1,0,15,0,21,0,0,0,,,,ok
OR-F00336,Clackamas,7,2,3,6,0,16,0,0,3,,,,ok
OR-F00329,Clackamas,4,1,2,37,0,43,0,0,2,,,,ok
OR-F00364,Clackamas,2,0,0,12,0,14,0,0,0,,,,ok
OR-F00355,Clackamas,7,2,0,25,0,32,0,0,0,,,,ok
OR-F00353,Clackamas,6,1,0,8,0,14,0,0,0,,,,ok
OR-F00573,Clackamas,6,2,1,64,0,71,0,0,1,,,,ok
OR-F00133,Clackamas,0,0,0,0,0,0,0,0,0,,,,ok
OR-F00570,Clackamas,3,0,0,0,0,3,0,0,0,,,,ok
OR-F00739,Clackamas,6,0,0,14,0,20,0,0,0,,,,ok
OR-F00007,Clackamas,4,0,0,0,0,4,0,0,0,,,,ok
OR-F00661,Clackamas,11,7,4,199,0,214,0,0,4,,,,ok
OR-F00105,Clackamas,1,0,0,0,0,1,0,0,0,,,,ok
OR-F00054,Clackamas,1,0,0,0,0,1,0,0,0,,,,ok
OR-F00320,Clackamas,3,0,0,2,0,5,0,0,0,,,,ok
OR-F00360,Clackamas,3,0,0,2,0,5,0,0,0,,,,ok
OR-F00700,Clackamas,10,0,0,3,0,13,0,0,0,,,,ok
OR-F00118,Clackamas,0,0,0,0,0,0,0,0,0,,,,ok
OR-F00662,Clackamas,7,4,6,99,0,112,0,0,6,,,,ok
OR-F00514,Clackamas,4,0,0,2,0,6,0,0,0,,,,ok
OR-F00001,Clackamas,2,0,0,0,0,2,0,0,0,,,,ok
OR-F00120,Clackamas,0,0,0,0,0,0,0,0,0,,,,ok
OR-F00302,Clackamas,4,0,1,11,0,16,0,0,1,,,,ok
OR-F00419,Clackamas,3,0,0,2,0,5,0,0,0,,,,ok
OR-F00515,Clackamas,4,0,0,5,0,9,0,0,0,,,,ok
OR-F00665,Clackamas,5,1,0,23,0,28,0,0,0,,,,ok
OR-F00445,Clackamas,4,0,0,0,0,4,0,0,0,,,,ok
OR-F00498,Clackamas,10,0,1,6,0,17,0,0,1,,,,ok
OR-F00596,Clackamas,5,1,0,5,0,10,0,0,0,,,,ok
OR-F00043,Clackamas,2,0,0,4,0,6,0,0,0,,,,ok
OR-F00307,Clackamas,4,0,0,9,0,13,0,0,0,,,,ok
OR-F00185,Clackamas,4,0,0,3,0,7,0,0,0,,,,ok
OR-F00055,Clackamas,0,0,0,0,0,0,0,0,0,,,,ok
OR-F00145,Clackamas,4,0,0,0,0,4,0,0,0,,,,ok
OR-F00174,Clackamas,7,0,0,7,0,14,0,0,0,,,,ok
OR-F00264,Clackamas,5,0,0,8,0,13,0,0,0,,,,ok
OR-F00555,Clackamas,7,0,0,1,0,8,0,0,0,,,,ok
OR-F00479,Clackamas,3,0,0,1,0,4,0,0,0,,,,ok
OR-F00034,Clackamas,4,1,0,6,0,10,0,0,0,,,,ok
OR-F00696,Clackamas,3,0,0,0,0,3,0,0,0,,,,ok
OR-F00182,Clackamas,2,0,0,1,0,3,0,0,0,,,,ok
OR-F00255,Clackamas,6,1,0,0,0,6,0,0,0,,,,ok
OR-F00688,Clackamas,7,0,0,4,0,11,0,0,0,,,,ok
OR-F00272,Clackamas,8,0,1,7,0,16,0,0,1,,,,ok
OR-F00653,Clackamas,3,0,0,7,0,10,0,0,0,,,,ok
OR-F00098,Clackamas,0,0,0,0,0,0,0,0,0,,,,ok
OR-F00188,Clackamas,4,0,0,0,0,4,0,0,0,,,,ok
OR-F00513,Clackamas,9,0,2,8,0,19,0,0,2,,,,ok
OR-F00003,Clackamas,3,1,0,2,0,5,0,0,0,,,,ok
OR-F00361,Clackamas,2,0,0,3,0,5,0,0,0,,,,ok
OR-F00106,Clackamas,0,0,0,0,0,0,0,0,0,,,,ok
OR-F00103,Clackamas,1,0,0,0,0,1,0,0,0,,,,ok
OR-F00221,Clackamas,5,0,0,1,0,6,0,0,0,,,,ok
OR-F00117,Clackamas,0,0,0,0,0,0,0,0,0,,,,ok
OR-F00408,Clackamas,3,0,0,4,0,7,0,0,0,,,,ok
OR-F00383,Clackamas,3,0,0,0,0,3,0,0,0,,,,ok
OR-F00427,Clackamas,6,0,0,3,0,9,0,0,0,,,,ok
OR-F00380,Clackamas,6,0,0,0,0,6,0,0,0,,,,ok
OR-F00457,Clackamas,4,0,0,2,0,6,0,0,0,,,,ok
OR-F00399,Clackamas,5,0,0,0,0,5,0,0,0,,,,ok
OR-F00446,Clackamas,5,0,0,1,0,6,0,0,0,,,,ok
OR-F00395,Clackamas,5,0,0,0,0,5,0,0,0,,,,ok
OR-F00135,Clackamas,0,0,0,0,0,0,0,0,0,,,,ok
OR-F00379,Clackamas,5,0,0,1,0,6,0,0,0,,,,ok
OR-F00687,Clackamas,5,0,0,0,0,5,0,0,0,,,,ok
OR-F00401,Clackamas,7,0,0,6,0,13,0,0,0,,,,ok
OR-F00210,Clackamas,4,0,0,1,0,5,0,0,0,,,,ok
OR-F00111,Clackamas,1,0,0,0,0,1,0,0,0,,,,ok
OR-F00491,Clackamas,3,0,0,3,0,6,0,0,0,,,,ok
OR-F00755,Clackamas,6,0,0,0,0,6,0,0,0,,,,ok
OR-F00693,Clackamas,5,0,0,4,0,9,0,0,0,,,,ok
OR-F00346,Clackamas,2,0,0,0,0,2,0,0,0,,,,ok
OR-F00391,Clackamas,8,1,1,11,0,20,0,0,1,,,,ok
OR-F00260,Clackamas,5,0,0,3,0,8,0,0,0,,,,ok
OR-F00374,Clackamas,3,0,0,0,0,3,0,0,0,,,,ok
OR-F00288,Clackamas,7,0,1,1,0,9,0,0,1,,,,ok
OR-F00249,Clackamas,3,0,0,1,0,4,0,0,0,,,,ok
OR-F00428,Clackamas,4,0,0,1,0,5,0,0,0,,,,ok
OR-F00337,Clackamas,5,2,0,70,0,75,0,0,0,,,,ok
OR-F00213,Clackamas,16,8,0,25,0,41,0,0,0,,,,ok
OR-F00673,Clackamas,3,1,0,31,0,34,0,0,0,,,,ok
OR-F00356,Clackamas,2,0,0,2,0,4,0,0,0,,,,ok
OR-F00204,Clackamas,9,4,0,23,0,32,0,0,0,,,,ok
OR-F00216,Clackamas,11,9,0,30,0,41,0,0,0,,,,ok
OR-F00641,Clackamas,3,1,1,22,0,26,0,0,1,,,,ok
OR-F00207,Clackamas,9,6,1,25,0,35,0,0,1,,,,ok
OR-F00752,Clackamas,2,0,0,0,0,2,0,0,0,,,,ok
OR-F00467,Clackamas,3,0,0,2,0,5,0,0,0,,,,ok
OR-F00564,Clackamas,3,0,0,4,0,7,0,0,0,,,,ok
OR-F00134,Clackamas,0,0,0,0,0,0,0,0,0,,,,ok
OR-F00377,Clackamas,2,0,0,0,0,2,0,0,0,,,,ok
OR-F00604,Clackamas,11,1,0,2,0,13,0,0,0,,,,ok
OR-F00685,Clackamas,3,0,0,17,0,20,0,0,0,,,,ok
OR-F00325,Clackamas,5,1,5,45,0,55,0,0,5,,,,ok
OR-F00666,Clackamas,8,4,3,107,0,118,0,0,3,,,,ok
OR-F00143,Clackamas,4,0,0,2,0,6,0,0,0,,,,ok
OR-F00114,Clackamas,0,0,0,0,0,0,0,0,0,,,,ok
OR-F00049,Clackamas,3,0,0,0,0,3,0,0,0,,,,ok
OR-F00013,Clackamas,4,0,0,0,0,4,0,0,0,,,,ok
OR-F00545,Clackamas,4,0,0,1,0,5,0,0,0,,,,ok
OR-F00279,Clackamas,6,0,0,0,0,6,0,0,0,,,,ok
OR-F00496,Clackamas,3,0,0,0,0,3,0,0,0,,,,ok
OR-F00358,Clackamas,5,1,1,5,0,11,0,0,1,,,,ok
OR-F00315,Clackamas,6,3,1,74,0,81,0,0,1,,,,ok
OR-F00436,Clackamas,6,2,0,10,0,16,0,0,0,,,,ok
OR-F00119,Clackamas,0,0,0,0,0,0,0,0,0,,,,ok
OR-F00009,Clackamas,3,0,0,0,0,3,0,0,0,,,,ok
OR-F00354,Clackamas,7,4,2,137,0,146,0,0,2,,,,ok
OR-F00599,Clackamas,6,0,0,7,0,13,0,0,0,,,,ok
OR-F00452,Clackamas,5,1,0,2,0,7,0,0,0,,,,ok
OR-F00150,Clackamas,5,1,0,1,0,6,0,0,0,,,,ok
OR-F00525,Clackamas,4,0,0,1,0,5,0,0,0,,,,ok
OR-F00061,Clackamas,0,0,0,0,0,0,0,0,0,,,,ok
OR-F00517,Clackamas,3,0,0,2,0,5,0,0,0,,,,ok
OR-F00235,Clackamas,7,1,1,3,0,11,0,0,1,,,,ok
OR-F00369,Clackamas,6,1,0,16,0,22,0,0,0,,,,ok
OR-F00004,Clackamas,4,0,0,0,0,4,0,0,0,,,,ok
OR-F00381,Clackamas,6,0,0,1,0,7,0,0,0,,,,ok
OR-F00048,Clackamas,0,0,0,0,0,0,0,0,0,,,,ok
OR-F00096,Clackamas,1,0,0,0,0,1,0,0,0,,,,ok
OR-F00322,Clackamas,4,2,1,32,0,37,0,0,1,,,,ok
OR-F00644,Clackamas,7,3,1,56,0,64,0,0,1,,,,ok
OR-F00035,Clackamas,0,0,0,0,0,0,0,0,0,,,,ok
OR-F00280,Clackamas,7,1,0,8,0,15,0,0,0,,,,ok
OR-F00458,Clackamas,6,0,0,6,0,12,0,0,0,,,,ok
OR-F00121,Clackamas,0,0,0,0,0,0,0,0,0,,,,ok
OR-F00284,Clackamas,3,0,1,0,0,4,0,0,1,,,,ok
OR-F00676,Clackamas,9,5,3,76,0,88,0,0,3,,,,ok
OR-F00324,Clackamas,5,1,0,30,0,35,0,0,0,,,,ok
OR-F00461,Clackamas,6,0,0,5,0,11,0,0,0,,,,ok
OR-F00678,Clackamas,6,3,1,109,0,116,0,0,1,,,,ok
OR-F00441,Clackamas,6,0,0,1,0,7,0,0,0,,,,ok
OR-F00668,Clackamas,8,4,5,24,0,37,0,0,5,,,,ok
OR-F00080,Clackamas,2,0,0,0,0,2,0,0,0,,,,ok
OR-F00094,Clackamas,0,0,0,0,0,0,0,0,0,,,,ok
OR-F00008,Clackamas,2,0,0,0,0,2,0,0,0,,,,ok
OR-F00349,Clackamas,7,3,1,82,0,90,0,0,1,,,,ok
OR-F00205,Clackamas,17,9,0,59,0,76,0,0,0,,,,ok
OR-F00136,Clackamas,6,0,0,13,0,19,0,0,0,,,,ok
OR-F00214,Clackamas,14,9,0,54,0,68,0,0,0,,,,ok
OR-F00308,Clackamas,6,3,1,82,0,89,0,0,1,,,,ok
OR-F00475,Clackamas,7,0,1,5,0,13,0,0,1,,,,ok
OR-F00580,Clackamas,5,1,0,3,0,8,0,0,0,,,,ok
OR-F00647,Clackamas,6,1,2,32,0,40,0,0,2,,,,ok
OR-F00333,Clackamas,8,3,2,47,0,57,0,0,2,,,,ok
OR-F00226,Clackamas,8,2,0,4,0,12,0,0,0,,,,ok
OR-F00740,Clackamas,5,0,0,4,0,9,0,0,0,,,,ok
OR-F00078,Clackamas,0,0,0,0,0,0,0,0,0,,,,ok
OR-F00045,Clackamas,0,0,0,0,0,0,0,0,0,,,,ok
OR-F00744,Clackamas,2,0,0,0,0,2,0,0,0,,,,ok
OR-F00069,Clackamas,0,0,0,0,0,0,0,0,0,,,,ok
OR-F00389,Clackamas,3,0,0,5,0,8,0,0,0,,,,ok
OR-F00637,Clackamas,6,1,1,82,0,89,0,0,1,,,,ok
OR-F00640,Clackamas,6,0,0,6,0,12,0,0,0,,,,ok
OR-F00317,Clackamas,5,0,0,0,0,5,0,0,0,,,,ok
OR-F00675,Clackamas,3,0,0,24,0,27,0,0,0,,,,ok
OR-F00215,Clackamas,19,14,0,144,0,163,0,0,0,,,,ok
OR-F00487,Clackamas,3,0,0,0,0,3,0,0,0,,,,ok
OR-F00157,Clackamas,6,0,0,0,0,6,0,0,0,,,,ok
OR-F00342,Clackamas,10,5,2,207,0,219,0,0,2,,,,ok
OR-F00031,Clackamas,2,0,0,1,0,3,0,0,0,,,,ok
OR-F00718,Clackamas,3,0,0,0,0,3,0,0,0,,,,ok
OR-F00671,Clackamas,7,2,5,43,0,55,0,0,5,,,,ok
OR-F00327,Clackamas,8,3,5,120,0,133,0,0,5,,,,ok
OR-F00612,Clackamas,3,0,0,0,0,3,0,0,0,,,,ok
OR-F00623,Clackamas,4,0,0,1,0,5,0,0,0,,,,ok
OR-F00758,Clackamas,4,1,1,1,0,6,0,0,1,,,,ok
OR-F00056,Clackamas,0,0,0,0,0,0,0,0,0,,,,ok
OR-F00415,Clackamas,3,0,0,1,0,4,0,0,0,,,,ok
OR-F00526,Clackamas,3,0,0,1,0,4,0,0,0,,,,ok
OR-F00063,Clackamas,0,0,0,0,0,0,0,0,0,,,,ok
OR-F00672,Clackamas,4,1,0,26,0,30,0,0,0,,,,ok
OR-F00217,Clackamas,9,7,0,38,0,47,0,0,0,,,,ok
OR-F00630,Clackamas,7,1,0,10,0,17,0,0,0,,,,ok
OR-F00363,Clackamas,2,0,0,4,0,6,0,0,0,,,,ok
OR-F00654,Clackamas,6,2,0,30,0,36,0,0,0,,,,ok
OR-F00655,Clackamas,6,2,1,16,0,23,0,0,1,,,,ok
OR-F00632,Clackamas,5,1,1,50,0,56,0,0,1,,,,ok
OR-F00645,Clackamas,5,0,0,6,0,11,0,0,0,,,,ok
OR-F00384,Clackamas,3,0,0,4,0,7,0,0,0,,,,ok
OR-F00091,Clackamas,2,0,0,0,0,2,0,0,0,,,,ok
OR-F00011,Clackamas,3,0,0,0,0,3,0,0,0,,,,ok
OR-F00129,Clackamas,0,0,0,0,0,0,0,0,0,,,,ok
OR-F00352,Clackamas,3,0,1,0,0,4,0,0,1,,,,ok
OR-F00473,Clackamas,4,0,0,4,0,8,0,0,0,,,,ok
OR-F00418,Clackamas,3,0,0,3,0,6,0,0,0,,,,ok
OR-F00002,Clackamas,1,0,0,0,0,1,0,0,0,,,,ok
OR-F00012,Clackamas,0,0,0,0,0,0,0,0,0,,,,ok
OR-F00735,Clackamas,3,0,0,0,0,3,0,0,0,,,,ok
OR-F00036,Clackamas,14,2,1,10,0,25,0,0,1,,,,ok
OR-F00753,Clackamas,3,0,0,5,0,8,0,0,0,,,,ok
OR-F00200,Clackamas,5,1,0,4,0,9,0,0,0,,,,ok
OR-F00309,Clackamas,3,0,0,2,0,5,0,0,0,,,,ok
OR-F00634,Clackamas,2,0,0,9,0,11,0,0,0,,,,ok
OR-F00306,Clackamas,2,0,0,5,0,7,0,0,0,,,,ok
OR-F00231,Clackamas,5,0,0,2,0,7,0,0,0,,,,ok
OR-F00017,Clackamas,2,0,0,2,0,4,0,0,0,,,,ok
OR-F00196,Clackamas,25,18,2,51,0,78,0,0,2,,,,ok
OR-F00589,Clackamas,3,0,0,1,0,4,0,0,0,,,,ok
OR-F00052,Clackamas,2,0,0,12,0,14,0,0,0,,,,ok
OR-F00410,Clackamas,7,0,0,5,0,12,0,0,0,,,,ok
OR-F00037,Clackamas,2,0,0,1,0,3,0,0,0,,,,ok
